-- =========================================================================
-- seed_extra.sql — appended AFTER seed.sql (adds 74 more students + data)
-- =========================================================================
USE school_app;

-- Students 8-A new (IDs 7-35) -------------------------------------------
INSERT INTO students (id,school_id,class_id,roll_no,name,gender,guardian_name,guardian_phone) VALUES
  (7,1,5,1,'Madhavan Anand','male','Vishnu Anand','9947911349'),
  (8,1,5,2,'Venkatesh Rajan','male','Senthil Rajan','9991446970'),
  (9,1,5,3,'Ranjith Mani','male','Madhavan Mani','9943597253'),
  (10,1,5,4,'Janani Karthik','female','Muthukumar Karthik','9630031457'),
  (11,1,5,5,'Aravind Durai','male','Prithivi Durai','9743742291'),
  (12,1,5,6,'Sriram Anand','male','Muthukumar Anand','9714153005'),
  (13,1,5,7,'Nithya Senthil','female','Ranjith Senthil','9676703600'),
  (14,1,5,8,'Kumaravel Raj','male','Sivaganesh Raj','9889361229'),
  (15,1,5,9,'Suresh Perumal','male','Suresh Perumal','9814426514'),
  (16,1,5,10,'Gowtham Thangavel','male','Sakthivel Thangavel','9648806619'),
  (17,1,5,11,'Bharathi Krishnan','female','Venkatesh Krishnan','9685889680'),
  (18,1,5,12,'Padmavathi Balan','female','Bharath Balan','9806570376'),
  (19,1,5,13,'Ranjith Thangavel','male','Logesh Thangavel','9897010891'),
  (20,1,5,14,'Abinaya Karthik','female','Balamurugan Karthik','9661499497'),
  (21,1,5,15,'Selvi Nathan','female','Tharun Nathan','9944113746'),
  (22,1,5,16,'Mahesh Perumal','male','Hemanth Perumal','9843591060'),
  (23,1,5,17,'Balamurugan Raj','male','Logesh Raj','9868750123'),
  (24,1,5,18,'Rekha Selvam','female','Venkatesh Selvam','9760226325'),
  (25,1,5,19,'Rekha Balan','female','Kaarthik Balan','9682054959'),
  (26,1,5,20,'Hemanth Velu','male','Tharun Velu','9884731459'),
  (27,1,5,21,'Soundarya Durai','female','Sakthivel Durai','9610456496'),
  (28,1,5,22,'Prabhu Arumugam','male','Kumaravel Arumugam','9631098339'),
  (29,1,5,23,'Sriram Murugan','male','Deepak Murugan','9992939897'),
  (30,1,5,24,'Bharath Velu','male','Tharun Velu','9667517162'),
  (31,1,5,25,'Sabari Velu','male','Hemanth Velu','9742301192'),
  (32,1,5,26,'Soundarya Perumal','female','Kamesh Perumal','9889532383'),
  (33,1,5,27,'Vasantha Pandi','female','Akash Pandi','9767351411'),
  (34,1,5,28,'Vimal Senthil','male','Prabhu Senthil','9835203188'),
  (35,1,5,29,'Pavithra Selvam','female','Kumaravel Selvam','9720633465');

-- Students 8-B (IDs 36-60) -----------------------------------------------
INSERT INTO students (id,school_id,class_id,roll_no,name,gender,guardian_name,guardian_phone) VALUES
  (36,1,6,1,'Adhithya Arasu','male','Sivaganesh Arasu','9723541906'),
  (37,1,6,2,'Abinaya Murugan','female','Akash Murugan','9938820822'),
  (38,1,6,3,'Bharath Raja','male','Naveen Raja','9638041250'),
  (39,1,6,4,'Keerthana Karthik','female','Sakthivel Karthik','9715017511'),
  (40,1,6,5,'Vijayalakshmi Arasu','female','Sriram Arasu','9853763327'),
  (41,1,6,6,'Sabari Perumal','male','Kaarthik Perumal','9650640778'),
  (42,1,6,7,'Rajesh Ganesan','male','Rajesh Ganesan','9820708855'),
  (43,1,6,8,'Balamurugan Raja','male','Vishnu Raja','9950821241'),
  (44,1,6,9,'Bhavani Raja','female','Prithivi Raja','9990956693'),
  (45,1,6,10,'Dinesh Vel','male','Kaarthik Vel','9702117629'),
  (46,1,6,11,'Chithra Perumal','female','Jaidev Perumal','9749542787'),
  (47,1,6,12,'Bharath Pillai','male','Sivaganesh Pillai','9652564348'),
  (48,1,6,13,'Senthil Kumar','male','Deepak Kumar','9726905272'),
  (49,1,6,14,'Sakthivel Subramanian','male','Kamesh Subramanian','9815306864'),
  (50,1,6,15,'Devi Mani','female','Aakash Mani','9809606084'),
  (51,1,6,16,'Ranjith Arumugam','male','Rajesh Arumugam','9973979715'),
  (52,1,6,17,'Shanthi Karthik','female','Akash Karthik','9861279727'),
  (53,1,6,18,'Mahesh Pandi','male','Arjun Pandi','9910945048'),
  (54,1,6,19,'Anitha Raj','female','Muthukumar Raj','9630690373'),
  (55,1,6,20,'Sabari Thangavel','male','Selvam Thangavel','9684521052'),
  (56,1,6,21,'Sankar Murugan','male','Jaidev Murugan','9636787109'),
  (57,1,6,22,'Valli Vel','female','Prithivi Vel','9664363633'),
  (58,1,6,23,'Silambarasi Vel','female','Suresh Vel','9919180042'),
  (59,1,6,24,'Deepak Perumal','male','Vimal Perumal','9913356673'),
  (60,1,6,25,'Lavanya Nathan','female','Kamesh Nathan','9959556395');

-- Students 9-A (IDs 61-80) -----------------------------------------------
INSERT INTO students (id,school_id,class_id,roll_no,name,gender,guardian_name,guardian_phone) VALUES
  (61,1,7,1,'Kalpana Nathan','female','Prithivi Nathan','9670264740'),
  (62,1,7,2,'Komathi Pillai','female','Muthukumar Pillai','9638946288'),
  (63,1,7,3,'Vasanth Arasu','male','Dinesh Arasu','9639331548'),
  (64,1,7,4,'Rekha Nathan','female','Gowtham Nathan','9787372691'),
  (65,1,7,5,'Kalpana Ganesan','female','Mahesh Ganesan','9684689687'),
  (66,1,7,6,'Senthil Anand','male','Mithun Anand','9928391997'),
  (67,1,7,7,'Tamilarasi Thangavel','female','Aakash Thangavel','9958556326'),
  (68,1,7,8,'Komathi Karthik','female','Dinesh Karthik','9672096993'),
  (69,1,7,9,'Dinesh Raj','male','Sivaganesh Raj','9683455461'),
  (70,1,7,10,'Surya Pandi','male','Akash Pandi','9784082453'),
  (71,1,7,11,'Venkatesh Nathan','male','Sankar Nathan','9862278540'),
  (72,1,7,12,'Arjun Murugan','male','Venkatesh Murugan','9827405510'),
  (73,1,7,13,'Anandhi Kumar','female','Naveen Kumar','9670233268'),
  (74,1,7,14,'Kavitha Rajan','female','Kumaran Rajan','9837208633'),
  (75,1,7,15,'Padmavathi Velu','female','Aakash Velu','9660061833'),
  (76,1,7,16,'Yuvan Krishnan','male','Senthil Krishnan','9619342459'),
  (77,1,7,17,'Sivagami Velu','female','Hari Velu','9830739986'),
  (78,1,7,18,'Mithun Ganesan','male','Aravind Ganesan','9792097368'),
  (79,1,7,19,'Kumaravel Karthik','male','Dinesh Karthik','9789879769'),
  (80,1,7,20,'Nivetha Balan','female','Kumaran Balan','9682975191');

-- Attendance: 8-A students 2-6 (full June 2026) -------------------------
INSERT INTO attendance (school_id,student_id,class_id,att_date,status,marked_by) VALUES
  (1,2,5,'2026-06-01','present',2),
  (1,2,5,'2026-06-02','present',2),
  (1,2,5,'2026-06-03','present',2),
  (1,2,5,'2026-06-04','present',2),
  (1,2,5,'2026-06-05','present',2),
  (1,2,5,'2026-06-08','absent',2),
  (1,2,5,'2026-06-09','present',2),
  (1,2,5,'2026-06-10','present',2),
  (1,2,5,'2026-06-11','present',2),
  (1,2,5,'2026-06-12','present',2),
  (1,2,5,'2026-06-15','present',2),
  (1,2,5,'2026-06-16','present',2),
  (1,2,5,'2026-06-17','present',2),
  (1,2,5,'2026-06-18','absent',2),
  (1,2,5,'2026-06-19','present',2),
  (1,2,5,'2026-06-22','present',2),
  (1,2,5,'2026-06-23','present',2),
  (1,2,5,'2026-06-24','present',2),
  (1,2,5,'2026-06-25','present',2),
  (1,2,5,'2026-06-26','present',2),
  (1,2,5,'2026-06-29','present',2),
  (1,2,5,'2026-06-30','present',2),
  (1,3,5,'2026-06-01','present',2),
  (1,3,5,'2026-06-02','present',2),
  (1,3,5,'2026-06-03','present',2),
  (1,3,5,'2026-06-04','present',2),
  (1,3,5,'2026-06-05','present',2),
  (1,3,5,'2026-06-08','absent',2),
  (1,3,5,'2026-06-09','present',2),
  (1,3,5,'2026-06-10','present',2),
  (1,3,5,'2026-06-11','present',2),
  (1,3,5,'2026-06-12','present',2),
  (1,3,5,'2026-06-15','absent',2),
  (1,3,5,'2026-06-16','present',2),
  (1,3,5,'2026-06-17','present',2),
  (1,3,5,'2026-06-18','present',2),
  (1,3,5,'2026-06-19','present',2),
  (1,3,5,'2026-06-22','present',2),
  (1,3,5,'2026-06-23','present',2),
  (1,3,5,'2026-06-24','present',2),
  (1,3,5,'2026-06-25','present',2),
  (1,3,5,'2026-06-26','present',2),
  (1,3,5,'2026-06-29','present',2),
  (1,3,5,'2026-06-30','present',2),
  (1,4,5,'2026-06-01','present',2),
  (1,4,5,'2026-06-02','present',2),
  (1,4,5,'2026-06-03','present',2),
  (1,4,5,'2026-06-04','absent',2),
  (1,4,5,'2026-06-05','present',2),
  (1,4,5,'2026-06-08','absent',2),
  (1,4,5,'2026-06-09','present',2),
  (1,4,5,'2026-06-10','absent',2),
  (1,4,5,'2026-06-11','absent',2),
  (1,4,5,'2026-06-12','present',2),
  (1,4,5,'2026-06-15','present',2),
  (1,4,5,'2026-06-16','present',2),
  (1,4,5,'2026-06-17','absent',2),
  (1,4,5,'2026-06-18','present',2),
  (1,4,5,'2026-06-19','present',2),
  (1,4,5,'2026-06-22','present',2),
  (1,4,5,'2026-06-23','present',2),
  (1,4,5,'2026-06-24','present',2),
  (1,4,5,'2026-06-25','present',2),
  (1,4,5,'2026-06-26','present',2),
  (1,4,5,'2026-06-29','present',2),
  (1,4,5,'2026-06-30','absent',2),
  (1,5,5,'2026-06-01','present',2),
  (1,5,5,'2026-06-02','present',2),
  (1,5,5,'2026-06-03','present',2),
  (1,5,5,'2026-06-04','absent',2),
  (1,5,5,'2026-06-05','present',2),
  (1,5,5,'2026-06-08','present',2),
  (1,5,5,'2026-06-09','absent',2),
  (1,5,5,'2026-06-10','absent',2),
  (1,5,5,'2026-06-11','present',2),
  (1,5,5,'2026-06-12','absent',2),
  (1,5,5,'2026-06-15','present',2),
  (1,5,5,'2026-06-16','absent',2),
  (1,5,5,'2026-06-17','present',2),
  (1,5,5,'2026-06-18','present',2),
  (1,5,5,'2026-06-19','absent',2),
  (1,5,5,'2026-06-22','absent',2),
  (1,5,5,'2026-06-23','present',2),
  (1,5,5,'2026-06-24','present',2),
  (1,5,5,'2026-06-25','present',2),
  (1,5,5,'2026-06-26','present',2),
  (1,5,5,'2026-06-29','absent',2),
  (1,5,5,'2026-06-30','present',2),
  (1,6,5,'2026-06-01','present',2),
  (1,6,5,'2026-06-02','present',2),
  (1,6,5,'2026-06-03','present',2),
  (1,6,5,'2026-06-04','present',2),
  (1,6,5,'2026-06-05','present',2),
  (1,6,5,'2026-06-08','present',2),
  (1,6,5,'2026-06-09','absent',2),
  (1,6,5,'2026-06-10','present',2),
  (1,6,5,'2026-06-11','present',2),
  (1,6,5,'2026-06-12','present',2),
  (1,6,5,'2026-06-15','absent',2),
  (1,6,5,'2026-06-16','present',2),
  (1,6,5,'2026-06-17','absent',2),
  (1,6,5,'2026-06-18','present',2),
  (1,6,5,'2026-06-19','present',2),
  (1,6,5,'2026-06-22','present',2),
  (1,6,5,'2026-06-23','present',2),
  (1,6,5,'2026-06-24','present',2),
  (1,6,5,'2026-06-25','present',2),
  (1,6,5,'2026-06-26','present',2),
  (1,6,5,'2026-06-29','present',2),
  (1,6,5,'2026-06-30','absent',2);

-- Attendance: 8-A new students (IDs 7-35, full June 2026) ---------------
INSERT INTO attendance (school_id,student_id,class_id,att_date,status,marked_by) VALUES
  (1,7,5,'2026-06-01','present',2),
  (1,7,5,'2026-06-02','present',2),
  (1,7,5,'2026-06-03','absent',2),
  (1,7,5,'2026-06-04','present',2),
  (1,7,5,'2026-06-05','present',2),
  (1,7,5,'2026-06-08','present',2),
  (1,7,5,'2026-06-09','present',2),
  (1,7,5,'2026-06-10','present',2),
  (1,7,5,'2026-06-11','absent',2),
  (1,7,5,'2026-06-12','present',2),
  (1,7,5,'2026-06-15','present',2),
  (1,7,5,'2026-06-16','absent',2),
  (1,7,5,'2026-06-17','present',2),
  (1,7,5,'2026-06-18','present',2),
  (1,7,5,'2026-06-19','present',2),
  (1,7,5,'2026-06-22','present',2),
  (1,7,5,'2026-06-23','absent',2),
  (1,7,5,'2026-06-24','present',2),
  (1,7,5,'2026-06-25','present',2),
  (1,7,5,'2026-06-26','present',2),
  (1,7,5,'2026-06-29','absent',2),
  (1,7,5,'2026-06-30','present',2),
  (1,8,5,'2026-06-01','present',2),
  (1,8,5,'2026-06-02','present',2),
  (1,8,5,'2026-06-03','present',2),
  (1,8,5,'2026-06-04','present',2),
  (1,8,5,'2026-06-05','present',2),
  (1,8,5,'2026-06-08','present',2),
  (1,8,5,'2026-06-09','present',2),
  (1,8,5,'2026-06-10','present',2),
  (1,8,5,'2026-06-11','present',2),
  (1,8,5,'2026-06-12','present',2),
  (1,8,5,'2026-06-15','absent',2),
  (1,8,5,'2026-06-16','present',2),
  (1,8,5,'2026-06-17','present',2),
  (1,8,5,'2026-06-18','present',2),
  (1,8,5,'2026-06-19','present',2),
  (1,8,5,'2026-06-22','present',2),
  (1,8,5,'2026-06-23','present',2),
  (1,8,5,'2026-06-24','absent',2),
  (1,8,5,'2026-06-25','present',2),
  (1,8,5,'2026-06-26','present',2),
  (1,8,5,'2026-06-29','present',2),
  (1,8,5,'2026-06-30','absent',2),
  (1,9,5,'2026-06-01','present',2),
  (1,9,5,'2026-06-02','present',2),
  (1,9,5,'2026-06-03','present',2),
  (1,9,5,'2026-06-04','absent',2),
  (1,9,5,'2026-06-05','present',2),
  (1,9,5,'2026-06-08','present',2),
  (1,9,5,'2026-06-09','present',2),
  (1,9,5,'2026-06-10','present',2),
  (1,9,5,'2026-06-11','absent',2),
  (1,9,5,'2026-06-12','present',2),
  (1,9,5,'2026-06-15','present',2),
  (1,9,5,'2026-06-16','present',2),
  (1,9,5,'2026-06-17','present',2),
  (1,9,5,'2026-06-18','present',2),
  (1,9,5,'2026-06-19','present',2),
  (1,9,5,'2026-06-22','present',2),
  (1,9,5,'2026-06-23','present',2),
  (1,9,5,'2026-06-24','present',2),
  (1,9,5,'2026-06-25','present',2),
  (1,9,5,'2026-06-26','present',2),
  (1,9,5,'2026-06-29','present',2),
  (1,9,5,'2026-06-30','present',2),
  (1,10,5,'2026-06-01','present',2),
  (1,10,5,'2026-06-02','absent',2),
  (1,10,5,'2026-06-03','present',2),
  (1,10,5,'2026-06-04','absent',2),
  (1,10,5,'2026-06-05','present',2),
  (1,10,5,'2026-06-08','present',2),
  (1,10,5,'2026-06-09','present',2),
  (1,10,5,'2026-06-10','present',2),
  (1,10,5,'2026-06-11','absent',2),
  (1,10,5,'2026-06-12','present',2),
  (1,10,5,'2026-06-15','present',2),
  (1,10,5,'2026-06-16','present',2),
  (1,10,5,'2026-06-17','present',2),
  (1,10,5,'2026-06-18','present',2),
  (1,10,5,'2026-06-19','present',2),
  (1,10,5,'2026-06-22','present',2),
  (1,10,5,'2026-06-23','present',2),
  (1,10,5,'2026-06-24','present',2),
  (1,10,5,'2026-06-25','absent',2),
  (1,10,5,'2026-06-26','present',2),
  (1,10,5,'2026-06-29','present',2),
  (1,10,5,'2026-06-30','present',2),
  (1,11,5,'2026-06-01','present',2),
  (1,11,5,'2026-06-02','present',2),
  (1,11,5,'2026-06-03','present',2),
  (1,11,5,'2026-06-04','present',2),
  (1,11,5,'2026-06-05','present',2),
  (1,11,5,'2026-06-08','present',2),
  (1,11,5,'2026-06-09','present',2),
  (1,11,5,'2026-06-10','present',2),
  (1,11,5,'2026-06-11','present',2),
  (1,11,5,'2026-06-12','present',2),
  (1,11,5,'2026-06-15','absent',2),
  (1,11,5,'2026-06-16','absent',2),
  (1,11,5,'2026-06-17','present',2),
  (1,11,5,'2026-06-18','absent',2),
  (1,11,5,'2026-06-19','present',2),
  (1,11,5,'2026-06-22','present',2),
  (1,11,5,'2026-06-23','absent',2),
  (1,11,5,'2026-06-24','present',2),
  (1,11,5,'2026-06-25','present',2),
  (1,11,5,'2026-06-26','absent',2),
  (1,11,5,'2026-06-29','present',2),
  (1,11,5,'2026-06-30','present',2),
  (1,12,5,'2026-06-01','present',2),
  (1,12,5,'2026-06-02','present',2),
  (1,12,5,'2026-06-03','present',2),
  (1,12,5,'2026-06-04','present',2),
  (1,12,5,'2026-06-05','present',2),
  (1,12,5,'2026-06-08','present',2),
  (1,12,5,'2026-06-09','present',2),
  (1,12,5,'2026-06-10','present',2),
  (1,12,5,'2026-06-11','present',2),
  (1,12,5,'2026-06-12','present',2),
  (1,12,5,'2026-06-15','present',2),
  (1,12,5,'2026-06-16','present',2),
  (1,12,5,'2026-06-17','absent',2),
  (1,12,5,'2026-06-18','present',2),
  (1,12,5,'2026-06-19','present',2),
  (1,12,5,'2026-06-22','present',2),
  (1,12,5,'2026-06-23','present',2),
  (1,12,5,'2026-06-24','present',2),
  (1,12,5,'2026-06-25','absent',2),
  (1,12,5,'2026-06-26','present',2),
  (1,12,5,'2026-06-29','present',2),
  (1,12,5,'2026-06-30','present',2),
  (1,13,5,'2026-06-01','present',2),
  (1,13,5,'2026-06-02','absent',2),
  (1,13,5,'2026-06-03','present',2),
  (1,13,5,'2026-06-04','present',2),
  (1,13,5,'2026-06-05','present',2),
  (1,13,5,'2026-06-08','present',2),
  (1,13,5,'2026-06-09','present',2),
  (1,13,5,'2026-06-10','present',2),
  (1,13,5,'2026-06-11','absent',2),
  (1,13,5,'2026-06-12','present',2),
  (1,13,5,'2026-06-15','present',2),
  (1,13,5,'2026-06-16','present',2),
  (1,13,5,'2026-06-17','present',2),
  (1,13,5,'2026-06-18','present',2),
  (1,13,5,'2026-06-19','present',2),
  (1,13,5,'2026-06-22','present',2),
  (1,13,5,'2026-06-23','present',2),
  (1,13,5,'2026-06-24','present',2),
  (1,13,5,'2026-06-25','present',2),
  (1,13,5,'2026-06-26','present',2),
  (1,13,5,'2026-06-29','present',2),
  (1,13,5,'2026-06-30','present',2),
  (1,14,5,'2026-06-01','absent',2),
  (1,14,5,'2026-06-02','present',2),
  (1,14,5,'2026-06-03','present',2),
  (1,14,5,'2026-06-04','present',2),
  (1,14,5,'2026-06-05','present',2),
  (1,14,5,'2026-06-08','present',2),
  (1,14,5,'2026-06-09','present',2),
  (1,14,5,'2026-06-10','present',2),
  (1,14,5,'2026-06-11','present',2),
  (1,14,5,'2026-06-12','present',2),
  (1,14,5,'2026-06-15','present',2),
  (1,14,5,'2026-06-16','present',2),
  (1,14,5,'2026-06-17','present',2),
  (1,14,5,'2026-06-18','present',2),
  (1,14,5,'2026-06-19','present',2),
  (1,14,5,'2026-06-22','present',2),
  (1,14,5,'2026-06-23','absent',2),
  (1,14,5,'2026-06-24','absent',2),
  (1,14,5,'2026-06-25','present',2),
  (1,14,5,'2026-06-26','present',2),
  (1,14,5,'2026-06-29','present',2),
  (1,14,5,'2026-06-30','present',2),
  (1,15,5,'2026-06-01','present',2),
  (1,15,5,'2026-06-02','present',2),
  (1,15,5,'2026-06-03','present',2),
  (1,15,5,'2026-06-04','present',2),
  (1,15,5,'2026-06-05','present',2),
  (1,15,5,'2026-06-08','present',2),
  (1,15,5,'2026-06-09','present',2),
  (1,15,5,'2026-06-10','present',2),
  (1,15,5,'2026-06-11','present',2),
  (1,15,5,'2026-06-12','present',2),
  (1,15,5,'2026-06-15','present',2),
  (1,15,5,'2026-06-16','absent',2),
  (1,15,5,'2026-06-17','present',2),
  (1,15,5,'2026-06-18','absent',2),
  (1,15,5,'2026-06-19','present',2),
  (1,15,5,'2026-06-22','present',2),
  (1,15,5,'2026-06-23','present',2),
  (1,15,5,'2026-06-24','present',2),
  (1,15,5,'2026-06-25','present',2),
  (1,15,5,'2026-06-26','present',2),
  (1,15,5,'2026-06-29','present',2),
  (1,15,5,'2026-06-30','present',2),
  (1,16,5,'2026-06-01','present',2),
  (1,16,5,'2026-06-02','present',2),
  (1,16,5,'2026-06-03','present',2),
  (1,16,5,'2026-06-04','present',2),
  (1,16,5,'2026-06-05','present',2),
  (1,16,5,'2026-06-08','present',2),
  (1,16,5,'2026-06-09','present',2),
  (1,16,5,'2026-06-10','present',2),
  (1,16,5,'2026-06-11','present',2),
  (1,16,5,'2026-06-12','present',2),
  (1,16,5,'2026-06-15','absent',2),
  (1,16,5,'2026-06-16','present',2),
  (1,16,5,'2026-06-17','present',2),
  (1,16,5,'2026-06-18','present',2),
  (1,16,5,'2026-06-19','present',2),
  (1,16,5,'2026-06-22','present',2),
  (1,16,5,'2026-06-23','present',2),
  (1,16,5,'2026-06-24','present',2),
  (1,16,5,'2026-06-25','present',2),
  (1,16,5,'2026-06-26','present',2),
  (1,16,5,'2026-06-29','present',2),
  (1,16,5,'2026-06-30','absent',2),
  (1,17,5,'2026-06-01','present',2),
  (1,17,5,'2026-06-02','present',2),
  (1,17,5,'2026-06-03','present',2),
  (1,17,5,'2026-06-04','absent',2),
  (1,17,5,'2026-06-05','present',2),
  (1,17,5,'2026-06-08','present',2),
  (1,17,5,'2026-06-09','present',2),
  (1,17,5,'2026-06-10','present',2),
  (1,17,5,'2026-06-11','present',2),
  (1,17,5,'2026-06-12','absent',2),
  (1,17,5,'2026-06-15','present',2),
  (1,17,5,'2026-06-16','present',2),
  (1,17,5,'2026-06-17','present',2),
  (1,17,5,'2026-06-18','present',2),
  (1,17,5,'2026-06-19','present',2),
  (1,17,5,'2026-06-22','present',2),
  (1,17,5,'2026-06-23','present',2),
  (1,17,5,'2026-06-24','present',2),
  (1,17,5,'2026-06-25','present',2),
  (1,17,5,'2026-06-26','present',2),
  (1,17,5,'2026-06-29','present',2),
  (1,17,5,'2026-06-30','absent',2),
  (1,18,5,'2026-06-01','present',2),
  (1,18,5,'2026-06-02','present',2),
  (1,18,5,'2026-06-03','present',2),
  (1,18,5,'2026-06-04','present',2),
  (1,18,5,'2026-06-05','present',2),
  (1,18,5,'2026-06-08','present',2),
  (1,18,5,'2026-06-09','present',2),
  (1,18,5,'2026-06-10','present',2),
  (1,18,5,'2026-06-11','present',2),
  (1,18,5,'2026-06-12','absent',2),
  (1,18,5,'2026-06-15','absent',2),
  (1,18,5,'2026-06-16','present',2),
  (1,18,5,'2026-06-17','absent',2),
  (1,18,5,'2026-06-18','absent',2),
  (1,18,5,'2026-06-19','present',2),
  (1,18,5,'2026-06-22','present',2),
  (1,18,5,'2026-06-23','present',2),
  (1,18,5,'2026-06-24','present',2),
  (1,18,5,'2026-06-25','present',2),
  (1,18,5,'2026-06-26','present',2),
  (1,18,5,'2026-06-29','present',2),
  (1,18,5,'2026-06-30','absent',2),
  (1,19,5,'2026-06-01','present',2),
  (1,19,5,'2026-06-02','present',2),
  (1,19,5,'2026-06-03','present',2),
  (1,19,5,'2026-06-04','present',2),
  (1,19,5,'2026-06-05','present',2),
  (1,19,5,'2026-06-08','present',2),
  (1,19,5,'2026-06-09','absent',2),
  (1,19,5,'2026-06-10','present',2),
  (1,19,5,'2026-06-11','present',2),
  (1,19,5,'2026-06-12','present',2),
  (1,19,5,'2026-06-15','present',2),
  (1,19,5,'2026-06-16','present',2),
  (1,19,5,'2026-06-17','absent',2),
  (1,19,5,'2026-06-18','absent',2),
  (1,19,5,'2026-06-19','present',2),
  (1,19,5,'2026-06-22','present',2),
  (1,19,5,'2026-06-23','present',2),
  (1,19,5,'2026-06-24','present',2),
  (1,19,5,'2026-06-25','present',2),
  (1,19,5,'2026-06-26','present',2),
  (1,19,5,'2026-06-29','present',2),
  (1,19,5,'2026-06-30','absent',2),
  (1,20,5,'2026-06-01','absent',2),
  (1,20,5,'2026-06-02','present',2),
  (1,20,5,'2026-06-03','present',2),
  (1,20,5,'2026-06-04','present',2),
  (1,20,5,'2026-06-05','present',2),
  (1,20,5,'2026-06-08','absent',2),
  (1,20,5,'2026-06-09','present',2),
  (1,20,5,'2026-06-10','present',2),
  (1,20,5,'2026-06-11','present',2),
  (1,20,5,'2026-06-12','absent',2),
  (1,20,5,'2026-06-15','present',2),
  (1,20,5,'2026-06-16','present',2),
  (1,20,5,'2026-06-17','absent',2),
  (1,20,5,'2026-06-18','present',2),
  (1,20,5,'2026-06-19','present',2),
  (1,20,5,'2026-06-22','present',2),
  (1,20,5,'2026-06-23','present',2),
  (1,20,5,'2026-06-24','present',2),
  (1,20,5,'2026-06-25','absent',2),
  (1,20,5,'2026-06-26','absent',2),
  (1,20,5,'2026-06-29','absent',2),
  (1,20,5,'2026-06-30','present',2),
  (1,21,5,'2026-06-01','present',2),
  (1,21,5,'2026-06-02','present',2),
  (1,21,5,'2026-06-03','present',2),
  (1,21,5,'2026-06-04','present',2),
  (1,21,5,'2026-06-05','present',2),
  (1,21,5,'2026-06-08','present',2),
  (1,21,5,'2026-06-09','absent',2),
  (1,21,5,'2026-06-10','present',2),
  (1,21,5,'2026-06-11','present',2),
  (1,21,5,'2026-06-12','present',2),
  (1,21,5,'2026-06-15','present',2),
  (1,21,5,'2026-06-16','present',2),
  (1,21,5,'2026-06-17','present',2),
  (1,21,5,'2026-06-18','absent',2),
  (1,21,5,'2026-06-19','present',2),
  (1,21,5,'2026-06-22','present',2),
  (1,21,5,'2026-06-23','present',2),
  (1,21,5,'2026-06-24','present',2),
  (1,21,5,'2026-06-25','absent',2),
  (1,21,5,'2026-06-26','present',2),
  (1,21,5,'2026-06-29','present',2),
  (1,21,5,'2026-06-30','present',2),
  (1,22,5,'2026-06-01','present',2),
  (1,22,5,'2026-06-02','present',2),
  (1,22,5,'2026-06-03','present',2),
  (1,22,5,'2026-06-04','present',2),
  (1,22,5,'2026-06-05','present',2),
  (1,22,5,'2026-06-08','present',2),
  (1,22,5,'2026-06-09','absent',2),
  (1,22,5,'2026-06-10','present',2),
  (1,22,5,'2026-06-11','present',2),
  (1,22,5,'2026-06-12','present',2),
  (1,22,5,'2026-06-15','absent',2),
  (1,22,5,'2026-06-16','present',2),
  (1,22,5,'2026-06-17','present',2),
  (1,22,5,'2026-06-18','present',2),
  (1,22,5,'2026-06-19','absent',2),
  (1,22,5,'2026-06-22','absent',2),
  (1,22,5,'2026-06-23','present',2),
  (1,22,5,'2026-06-24','present',2),
  (1,22,5,'2026-06-25','absent',2),
  (1,22,5,'2026-06-26','absent',2),
  (1,22,5,'2026-06-29','absent',2),
  (1,22,5,'2026-06-30','present',2),
  (1,23,5,'2026-06-01','present',2),
  (1,23,5,'2026-06-02','present',2),
  (1,23,5,'2026-06-03','present',2),
  (1,23,5,'2026-06-04','present',2),
  (1,23,5,'2026-06-05','present',2),
  (1,23,5,'2026-06-08','present',2),
  (1,23,5,'2026-06-09','present',2),
  (1,23,5,'2026-06-10','present',2),
  (1,23,5,'2026-06-11','present',2),
  (1,23,5,'2026-06-12','present',2),
  (1,23,5,'2026-06-15','present',2),
  (1,23,5,'2026-06-16','present',2),
  (1,23,5,'2026-06-17','present',2),
  (1,23,5,'2026-06-18','present',2),
  (1,23,5,'2026-06-19','present',2),
  (1,23,5,'2026-06-22','present',2),
  (1,23,5,'2026-06-23','present',2),
  (1,23,5,'2026-06-24','present',2),
  (1,23,5,'2026-06-25','present',2),
  (1,23,5,'2026-06-26','present',2),
  (1,23,5,'2026-06-29','present',2),
  (1,23,5,'2026-06-30','present',2),
  (1,24,5,'2026-06-01','present',2),
  (1,24,5,'2026-06-02','present',2),
  (1,24,5,'2026-06-03','present',2),
  (1,24,5,'2026-06-04','present',2),
  (1,24,5,'2026-06-05','present',2),
  (1,24,5,'2026-06-08','present',2),
  (1,24,5,'2026-06-09','present',2),
  (1,24,5,'2026-06-10','present',2),
  (1,24,5,'2026-06-11','present',2),
  (1,24,5,'2026-06-12','absent',2),
  (1,24,5,'2026-06-15','present',2),
  (1,24,5,'2026-06-16','present',2),
  (1,24,5,'2026-06-17','present',2),
  (1,24,5,'2026-06-18','present',2),
  (1,24,5,'2026-06-19','present',2),
  (1,24,5,'2026-06-22','present',2),
  (1,24,5,'2026-06-23','absent',2),
  (1,24,5,'2026-06-24','present',2),
  (1,24,5,'2026-06-25','present',2),
  (1,24,5,'2026-06-26','present',2),
  (1,24,5,'2026-06-29','present',2),
  (1,24,5,'2026-06-30','present',2),
  (1,25,5,'2026-06-01','present',2),
  (1,25,5,'2026-06-02','present',2),
  (1,25,5,'2026-06-03','absent',2),
  (1,25,5,'2026-06-04','present',2),
  (1,25,5,'2026-06-05','present',2),
  (1,25,5,'2026-06-08','present',2),
  (1,25,5,'2026-06-09','present',2),
  (1,25,5,'2026-06-10','present',2),
  (1,25,5,'2026-06-11','present',2),
  (1,25,5,'2026-06-12','present',2),
  (1,25,5,'2026-06-15','present',2),
  (1,25,5,'2026-06-16','present',2),
  (1,25,5,'2026-06-17','present',2),
  (1,25,5,'2026-06-18','present',2),
  (1,25,5,'2026-06-19','present',2),
  (1,25,5,'2026-06-22','present',2),
  (1,25,5,'2026-06-23','present',2),
  (1,25,5,'2026-06-24','present',2),
  (1,25,5,'2026-06-25','present',2),
  (1,25,5,'2026-06-26','present',2),
  (1,25,5,'2026-06-29','present',2),
  (1,25,5,'2026-06-30','present',2),
  (1,26,5,'2026-06-01','present',2),
  (1,26,5,'2026-06-02','present',2),
  (1,26,5,'2026-06-03','present',2),
  (1,26,5,'2026-06-04','present',2),
  (1,26,5,'2026-06-05','present',2),
  (1,26,5,'2026-06-08','present',2),
  (1,26,5,'2026-06-09','absent',2),
  (1,26,5,'2026-06-10','absent',2),
  (1,26,5,'2026-06-11','present',2),
  (1,26,5,'2026-06-12','absent',2),
  (1,26,5,'2026-06-15','present',2),
  (1,26,5,'2026-06-16','present',2),
  (1,26,5,'2026-06-17','present',2),
  (1,26,5,'2026-06-18','present',2),
  (1,26,5,'2026-06-19','present',2),
  (1,26,5,'2026-06-22','present',2),
  (1,26,5,'2026-06-23','present',2),
  (1,26,5,'2026-06-24','present',2),
  (1,26,5,'2026-06-25','present',2),
  (1,26,5,'2026-06-26','present',2),
  (1,26,5,'2026-06-29','present',2),
  (1,26,5,'2026-06-30','absent',2),
  (1,27,5,'2026-06-01','absent',2),
  (1,27,5,'2026-06-02','absent',2),
  (1,27,5,'2026-06-03','present',2),
  (1,27,5,'2026-06-04','present',2),
  (1,27,5,'2026-06-05','present',2),
  (1,27,5,'2026-06-08','present',2),
  (1,27,5,'2026-06-09','present',2),
  (1,27,5,'2026-06-10','absent',2),
  (1,27,5,'2026-06-11','present',2),
  (1,27,5,'2026-06-12','present',2),
  (1,27,5,'2026-06-15','present',2),
  (1,27,5,'2026-06-16','present',2),
  (1,27,5,'2026-06-17','present',2),
  (1,27,5,'2026-06-18','present',2),
  (1,27,5,'2026-06-19','present',2),
  (1,27,5,'2026-06-22','absent',2),
  (1,27,5,'2026-06-23','present',2),
  (1,27,5,'2026-06-24','present',2),
  (1,27,5,'2026-06-25','present',2),
  (1,27,5,'2026-06-26','absent',2),
  (1,27,5,'2026-06-29','present',2),
  (1,27,5,'2026-06-30','present',2),
  (1,28,5,'2026-06-01','present',2),
  (1,28,5,'2026-06-02','present',2),
  (1,28,5,'2026-06-03','present',2),
  (1,28,5,'2026-06-04','present',2),
  (1,28,5,'2026-06-05','present',2),
  (1,28,5,'2026-06-08','present',2),
  (1,28,5,'2026-06-09','present',2),
  (1,28,5,'2026-06-10','present',2),
  (1,28,5,'2026-06-11','present',2),
  (1,28,5,'2026-06-12','present',2),
  (1,28,5,'2026-06-15','present',2),
  (1,28,5,'2026-06-16','present',2),
  (1,28,5,'2026-06-17','present',2),
  (1,28,5,'2026-06-18','absent',2),
  (1,28,5,'2026-06-19','absent',2),
  (1,28,5,'2026-06-22','present',2),
  (1,28,5,'2026-06-23','present',2),
  (1,28,5,'2026-06-24','present',2),
  (1,28,5,'2026-06-25','present',2),
  (1,28,5,'2026-06-26','present',2),
  (1,28,5,'2026-06-29','present',2),
  (1,28,5,'2026-06-30','present',2),
  (1,29,5,'2026-06-01','present',2),
  (1,29,5,'2026-06-02','present',2),
  (1,29,5,'2026-06-03','present',2),
  (1,29,5,'2026-06-04','present',2),
  (1,29,5,'2026-06-05','absent',2),
  (1,29,5,'2026-06-08','present',2),
  (1,29,5,'2026-06-09','absent',2),
  (1,29,5,'2026-06-10','absent',2),
  (1,29,5,'2026-06-11','present',2),
  (1,29,5,'2026-06-12','present',2),
  (1,29,5,'2026-06-15','present',2),
  (1,29,5,'2026-06-16','present',2),
  (1,29,5,'2026-06-17','absent',2),
  (1,29,5,'2026-06-18','present',2),
  (1,29,5,'2026-06-19','present',2),
  (1,29,5,'2026-06-22','absent',2),
  (1,29,5,'2026-06-23','present',2),
  (1,29,5,'2026-06-24','present',2),
  (1,29,5,'2026-06-25','absent',2),
  (1,29,5,'2026-06-26','absent',2),
  (1,29,5,'2026-06-29','present',2),
  (1,29,5,'2026-06-30','present',2),
  (1,30,5,'2026-06-01','present',2),
  (1,30,5,'2026-06-02','present',2),
  (1,30,5,'2026-06-03','present',2),
  (1,30,5,'2026-06-04','absent',2),
  (1,30,5,'2026-06-05','present',2),
  (1,30,5,'2026-06-08','present',2),
  (1,30,5,'2026-06-09','present',2),
  (1,30,5,'2026-06-10','present',2),
  (1,30,5,'2026-06-11','present',2),
  (1,30,5,'2026-06-12','present',2),
  (1,30,5,'2026-06-15','present',2),
  (1,30,5,'2026-06-16','present',2),
  (1,30,5,'2026-06-17','present',2),
  (1,30,5,'2026-06-18','absent',2),
  (1,30,5,'2026-06-19','present',2),
  (1,30,5,'2026-06-22','present',2),
  (1,30,5,'2026-06-23','present',2),
  (1,30,5,'2026-06-24','present',2),
  (1,30,5,'2026-06-25','present',2),
  (1,30,5,'2026-06-26','present',2),
  (1,30,5,'2026-06-29','present',2),
  (1,30,5,'2026-06-30','present',2),
  (1,31,5,'2026-06-01','present',2),
  (1,31,5,'2026-06-02','present',2),
  (1,31,5,'2026-06-03','present',2),
  (1,31,5,'2026-06-04','present',2),
  (1,31,5,'2026-06-05','present',2),
  (1,31,5,'2026-06-08','absent',2),
  (1,31,5,'2026-06-09','present',2),
  (1,31,5,'2026-06-10','present',2),
  (1,31,5,'2026-06-11','present',2),
  (1,31,5,'2026-06-12','present',2),
  (1,31,5,'2026-06-15','present',2),
  (1,31,5,'2026-06-16','present',2),
  (1,31,5,'2026-06-17','present',2),
  (1,31,5,'2026-06-18','present',2),
  (1,31,5,'2026-06-19','present',2),
  (1,31,5,'2026-06-22','present',2),
  (1,31,5,'2026-06-23','absent',2),
  (1,31,5,'2026-06-24','present',2),
  (1,31,5,'2026-06-25','present',2),
  (1,31,5,'2026-06-26','present',2),
  (1,31,5,'2026-06-29','present',2),
  (1,31,5,'2026-06-30','present',2),
  (1,32,5,'2026-06-01','present',2),
  (1,32,5,'2026-06-02','absent',2),
  (1,32,5,'2026-06-03','present',2),
  (1,32,5,'2026-06-04','absent',2),
  (1,32,5,'2026-06-05','present',2),
  (1,32,5,'2026-06-08','present',2),
  (1,32,5,'2026-06-09','present',2),
  (1,32,5,'2026-06-10','absent',2),
  (1,32,5,'2026-06-11','present',2),
  (1,32,5,'2026-06-12','present',2),
  (1,32,5,'2026-06-15','present',2),
  (1,32,5,'2026-06-16','present',2),
  (1,32,5,'2026-06-17','present',2),
  (1,32,5,'2026-06-18','present',2),
  (1,32,5,'2026-06-19','absent',2),
  (1,32,5,'2026-06-22','present',2),
  (1,32,5,'2026-06-23','present',2),
  (1,32,5,'2026-06-24','absent',2),
  (1,32,5,'2026-06-25','present',2),
  (1,32,5,'2026-06-26','present',2),
  (1,32,5,'2026-06-29','present',2),
  (1,32,5,'2026-06-30','present',2),
  (1,33,5,'2026-06-01','present',2),
  (1,33,5,'2026-06-02','present',2),
  (1,33,5,'2026-06-03','present',2),
  (1,33,5,'2026-06-04','present',2),
  (1,33,5,'2026-06-05','present',2),
  (1,33,5,'2026-06-08','present',2),
  (1,33,5,'2026-06-09','present',2),
  (1,33,5,'2026-06-10','present',2),
  (1,33,5,'2026-06-11','present',2),
  (1,33,5,'2026-06-12','present',2),
  (1,33,5,'2026-06-15','present',2),
  (1,33,5,'2026-06-16','present',2),
  (1,33,5,'2026-06-17','present',2),
  (1,33,5,'2026-06-18','present',2),
  (1,33,5,'2026-06-19','present',2),
  (1,33,5,'2026-06-22','present',2),
  (1,33,5,'2026-06-23','present',2),
  (1,33,5,'2026-06-24','present',2),
  (1,33,5,'2026-06-25','present',2),
  (1,33,5,'2026-06-26','present',2),
  (1,33,5,'2026-06-29','present',2),
  (1,33,5,'2026-06-30','present',2),
  (1,34,5,'2026-06-01','present',2),
  (1,34,5,'2026-06-02','present',2),
  (1,34,5,'2026-06-03','present',2),
  (1,34,5,'2026-06-04','present',2),
  (1,34,5,'2026-06-05','present',2),
  (1,34,5,'2026-06-08','present',2),
  (1,34,5,'2026-06-09','present',2),
  (1,34,5,'2026-06-10','present',2),
  (1,34,5,'2026-06-11','present',2),
  (1,34,5,'2026-06-12','present',2),
  (1,34,5,'2026-06-15','present',2),
  (1,34,5,'2026-06-16','present',2),
  (1,34,5,'2026-06-17','present',2),
  (1,34,5,'2026-06-18','present',2),
  (1,34,5,'2026-06-19','present',2),
  (1,34,5,'2026-06-22','present',2),
  (1,34,5,'2026-06-23','present',2),
  (1,34,5,'2026-06-24','present',2),
  (1,34,5,'2026-06-25','present',2),
  (1,34,5,'2026-06-26','present',2),
  (1,34,5,'2026-06-29','present',2),
  (1,34,5,'2026-06-30','absent',2),
  (1,35,5,'2026-06-01','present',2),
  (1,35,5,'2026-06-02','present',2),
  (1,35,5,'2026-06-03','present',2),
  (1,35,5,'2026-06-04','present',2),
  (1,35,5,'2026-06-05','present',2),
  (1,35,5,'2026-06-08','present',2),
  (1,35,5,'2026-06-09','present',2),
  (1,35,5,'2026-06-10','present',2),
  (1,35,5,'2026-06-11','present',2),
  (1,35,5,'2026-06-12','present',2),
  (1,35,5,'2026-06-15','present',2),
  (1,35,5,'2026-06-16','present',2),
  (1,35,5,'2026-06-17','present',2),
  (1,35,5,'2026-06-18','absent',2),
  (1,35,5,'2026-06-19','absent',2),
  (1,35,5,'2026-06-22','present',2),
  (1,35,5,'2026-06-23','absent',2),
  (1,35,5,'2026-06-24','absent',2),
  (1,35,5,'2026-06-25','present',2),
  (1,35,5,'2026-06-26','absent',2),
  (1,35,5,'2026-06-29','present',2),
  (1,35,5,'2026-06-30','present',2);

-- Attendance: 8-B + 9-A (full June 2026) ---------------------------------
INSERT INTO attendance (school_id,student_id,class_id,att_date,status,marked_by) VALUES
  (1,36,6,'2026-06-01','present',2),
  (1,36,6,'2026-06-02','present',2),
  (1,36,6,'2026-06-03','present',2),
  (1,36,6,'2026-06-04','present',2),
  (1,36,6,'2026-06-05','present',2),
  (1,36,6,'2026-06-08','absent',2),
  (1,36,6,'2026-06-09','present',2),
  (1,36,6,'2026-06-10','present',2),
  (1,36,6,'2026-06-11','present',2),
  (1,36,6,'2026-06-12','present',2),
  (1,36,6,'2026-06-15','present',2),
  (1,36,6,'2026-06-16','present',2),
  (1,36,6,'2026-06-17','present',2),
  (1,36,6,'2026-06-18','present',2),
  (1,36,6,'2026-06-19','present',2),
  (1,36,6,'2026-06-22','present',2),
  (1,36,6,'2026-06-23','present',2),
  (1,36,6,'2026-06-24','present',2),
  (1,36,6,'2026-06-25','present',2),
  (1,36,6,'2026-06-26','present',2),
  (1,36,6,'2026-06-29','present',2),
  (1,36,6,'2026-06-30','present',2),
  (1,37,6,'2026-06-01','present',2),
  (1,37,6,'2026-06-02','present',2),
  (1,37,6,'2026-06-03','present',2),
  (1,37,6,'2026-06-04','present',2),
  (1,37,6,'2026-06-05','present',2),
  (1,37,6,'2026-06-08','present',2),
  (1,37,6,'2026-06-09','present',2),
  (1,37,6,'2026-06-10','absent',2),
  (1,37,6,'2026-06-11','absent',2),
  (1,37,6,'2026-06-12','present',2),
  (1,37,6,'2026-06-15','present',2),
  (1,37,6,'2026-06-16','present',2),
  (1,37,6,'2026-06-17','present',2),
  (1,37,6,'2026-06-18','present',2),
  (1,37,6,'2026-06-19','absent',2),
  (1,37,6,'2026-06-22','present',2),
  (1,37,6,'2026-06-23','present',2),
  (1,37,6,'2026-06-24','present',2),
  (1,37,6,'2026-06-25','present',2),
  (1,37,6,'2026-06-26','present',2),
  (1,37,6,'2026-06-29','present',2),
  (1,37,6,'2026-06-30','present',2),
  (1,38,6,'2026-06-01','present',2),
  (1,38,6,'2026-06-02','present',2),
  (1,38,6,'2026-06-03','present',2),
  (1,38,6,'2026-06-04','present',2),
  (1,38,6,'2026-06-05','present',2),
  (1,38,6,'2026-06-08','present',2),
  (1,38,6,'2026-06-09','present',2),
  (1,38,6,'2026-06-10','present',2),
  (1,38,6,'2026-06-11','present',2),
  (1,38,6,'2026-06-12','present',2),
  (1,38,6,'2026-06-15','present',2),
  (1,38,6,'2026-06-16','present',2),
  (1,38,6,'2026-06-17','present',2),
  (1,38,6,'2026-06-18','present',2),
  (1,38,6,'2026-06-19','present',2),
  (1,38,6,'2026-06-22','absent',2),
  (1,38,6,'2026-06-23','absent',2),
  (1,38,6,'2026-06-24','present',2),
  (1,38,6,'2026-06-25','present',2),
  (1,38,6,'2026-06-26','present',2),
  (1,38,6,'2026-06-29','absent',2),
  (1,38,6,'2026-06-30','present',2),
  (1,39,6,'2026-06-01','present',2),
  (1,39,6,'2026-06-02','present',2),
  (1,39,6,'2026-06-03','present',2),
  (1,39,6,'2026-06-04','present',2),
  (1,39,6,'2026-06-05','present',2),
  (1,39,6,'2026-06-08','present',2),
  (1,39,6,'2026-06-09','present',2),
  (1,39,6,'2026-06-10','present',2),
  (1,39,6,'2026-06-11','absent',2),
  (1,39,6,'2026-06-12','present',2),
  (1,39,6,'2026-06-15','present',2),
  (1,39,6,'2026-06-16','present',2),
  (1,39,6,'2026-06-17','present',2),
  (1,39,6,'2026-06-18','present',2),
  (1,39,6,'2026-06-19','absent',2),
  (1,39,6,'2026-06-22','present',2),
  (1,39,6,'2026-06-23','present',2),
  (1,39,6,'2026-06-24','present',2),
  (1,39,6,'2026-06-25','present',2),
  (1,39,6,'2026-06-26','present',2),
  (1,39,6,'2026-06-29','present',2),
  (1,39,6,'2026-06-30','present',2),
  (1,40,6,'2026-06-01','present',2),
  (1,40,6,'2026-06-02','present',2),
  (1,40,6,'2026-06-03','present',2),
  (1,40,6,'2026-06-04','present',2),
  (1,40,6,'2026-06-05','present',2),
  (1,40,6,'2026-06-08','present',2),
  (1,40,6,'2026-06-09','present',2),
  (1,40,6,'2026-06-10','absent',2),
  (1,40,6,'2026-06-11','absent',2),
  (1,40,6,'2026-06-12','absent',2),
  (1,40,6,'2026-06-15','absent',2),
  (1,40,6,'2026-06-16','present',2),
  (1,40,6,'2026-06-17','present',2),
  (1,40,6,'2026-06-18','present',2),
  (1,40,6,'2026-06-19','present',2),
  (1,40,6,'2026-06-22','present',2),
  (1,40,6,'2026-06-23','present',2),
  (1,40,6,'2026-06-24','absent',2),
  (1,40,6,'2026-06-25','present',2),
  (1,40,6,'2026-06-26','present',2),
  (1,40,6,'2026-06-29','present',2),
  (1,40,6,'2026-06-30','present',2),
  (1,41,6,'2026-06-01','present',2),
  (1,41,6,'2026-06-02','present',2),
  (1,41,6,'2026-06-03','present',2),
  (1,41,6,'2026-06-04','present',2),
  (1,41,6,'2026-06-05','present',2),
  (1,41,6,'2026-06-08','present',2),
  (1,41,6,'2026-06-09','present',2),
  (1,41,6,'2026-06-10','present',2),
  (1,41,6,'2026-06-11','present',2),
  (1,41,6,'2026-06-12','present',2),
  (1,41,6,'2026-06-15','present',2),
  (1,41,6,'2026-06-16','present',2),
  (1,41,6,'2026-06-17','present',2),
  (1,41,6,'2026-06-18','present',2),
  (1,41,6,'2026-06-19','present',2),
  (1,41,6,'2026-06-22','present',2),
  (1,41,6,'2026-06-23','present',2),
  (1,41,6,'2026-06-24','present',2),
  (1,41,6,'2026-06-25','present',2),
  (1,41,6,'2026-06-26','present',2),
  (1,41,6,'2026-06-29','present',2),
  (1,41,6,'2026-06-30','present',2),
  (1,42,6,'2026-06-01','present',2),
  (1,42,6,'2026-06-02','present',2),
  (1,42,6,'2026-06-03','present',2),
  (1,42,6,'2026-06-04','present',2),
  (1,42,6,'2026-06-05','absent',2),
  (1,42,6,'2026-06-08','present',2),
  (1,42,6,'2026-06-09','present',2),
  (1,42,6,'2026-06-10','absent',2),
  (1,42,6,'2026-06-11','present',2),
  (1,42,6,'2026-06-12','present',2),
  (1,42,6,'2026-06-15','present',2),
  (1,42,6,'2026-06-16','present',2),
  (1,42,6,'2026-06-17','present',2),
  (1,42,6,'2026-06-18','present',2),
  (1,42,6,'2026-06-19','present',2),
  (1,42,6,'2026-06-22','present',2),
  (1,42,6,'2026-06-23','present',2),
  (1,42,6,'2026-06-24','present',2),
  (1,42,6,'2026-06-25','present',2),
  (1,42,6,'2026-06-26','present',2),
  (1,42,6,'2026-06-29','present',2),
  (1,42,6,'2026-06-30','present',2),
  (1,43,6,'2026-06-01','present',2),
  (1,43,6,'2026-06-02','present',2),
  (1,43,6,'2026-06-03','absent',2),
  (1,43,6,'2026-06-04','present',2),
  (1,43,6,'2026-06-05','absent',2),
  (1,43,6,'2026-06-08','present',2),
  (1,43,6,'2026-06-09','absent',2),
  (1,43,6,'2026-06-10','present',2),
  (1,43,6,'2026-06-11','present',2),
  (1,43,6,'2026-06-12','present',2),
  (1,43,6,'2026-06-15','absent',2),
  (1,43,6,'2026-06-16','present',2),
  (1,43,6,'2026-06-17','present',2),
  (1,43,6,'2026-06-18','absent',2),
  (1,43,6,'2026-06-19','present',2),
  (1,43,6,'2026-06-22','present',2),
  (1,43,6,'2026-06-23','present',2),
  (1,43,6,'2026-06-24','present',2),
  (1,43,6,'2026-06-25','absent',2),
  (1,43,6,'2026-06-26','present',2),
  (1,43,6,'2026-06-29','present',2),
  (1,43,6,'2026-06-30','present',2),
  (1,44,6,'2026-06-01','present',2),
  (1,44,6,'2026-06-02','absent',2),
  (1,44,6,'2026-06-03','present',2),
  (1,44,6,'2026-06-04','present',2),
  (1,44,6,'2026-06-05','present',2),
  (1,44,6,'2026-06-08','present',2),
  (1,44,6,'2026-06-09','absent',2),
  (1,44,6,'2026-06-10','present',2),
  (1,44,6,'2026-06-11','present',2),
  (1,44,6,'2026-06-12','present',2),
  (1,44,6,'2026-06-15','present',2),
  (1,44,6,'2026-06-16','present',2),
  (1,44,6,'2026-06-17','absent',2),
  (1,44,6,'2026-06-18','absent',2),
  (1,44,6,'2026-06-19','present',2),
  (1,44,6,'2026-06-22','present',2),
  (1,44,6,'2026-06-23','present',2),
  (1,44,6,'2026-06-24','present',2),
  (1,44,6,'2026-06-25','absent',2),
  (1,44,6,'2026-06-26','present',2),
  (1,44,6,'2026-06-29','present',2),
  (1,44,6,'2026-06-30','present',2),
  (1,45,6,'2026-06-01','absent',2),
  (1,45,6,'2026-06-02','present',2),
  (1,45,6,'2026-06-03','present',2),
  (1,45,6,'2026-06-04','present',2),
  (1,45,6,'2026-06-05','present',2),
  (1,45,6,'2026-06-08','present',2),
  (1,45,6,'2026-06-09','present',2),
  (1,45,6,'2026-06-10','present',2),
  (1,45,6,'2026-06-11','present',2),
  (1,45,6,'2026-06-12','present',2),
  (1,45,6,'2026-06-15','present',2),
  (1,45,6,'2026-06-16','present',2),
  (1,45,6,'2026-06-17','absent',2),
  (1,45,6,'2026-06-18','present',2),
  (1,45,6,'2026-06-19','present',2),
  (1,45,6,'2026-06-22','absent',2),
  (1,45,6,'2026-06-23','present',2),
  (1,45,6,'2026-06-24','present',2),
  (1,45,6,'2026-06-25','absent',2),
  (1,45,6,'2026-06-26','present',2),
  (1,45,6,'2026-06-29','present',2),
  (1,45,6,'2026-06-30','present',2),
  (1,46,6,'2026-06-01','present',2),
  (1,46,6,'2026-06-02','present',2),
  (1,46,6,'2026-06-03','present',2),
  (1,46,6,'2026-06-04','present',2),
  (1,46,6,'2026-06-05','present',2),
  (1,46,6,'2026-06-08','present',2),
  (1,46,6,'2026-06-09','present',2),
  (1,46,6,'2026-06-10','present',2),
  (1,46,6,'2026-06-11','present',2),
  (1,46,6,'2026-06-12','absent',2),
  (1,46,6,'2026-06-15','present',2),
  (1,46,6,'2026-06-16','present',2),
  (1,46,6,'2026-06-17','absent',2),
  (1,46,6,'2026-06-18','absent',2),
  (1,46,6,'2026-06-19','present',2),
  (1,46,6,'2026-06-22','present',2),
  (1,46,6,'2026-06-23','present',2),
  (1,46,6,'2026-06-24','absent',2),
  (1,46,6,'2026-06-25','present',2),
  (1,46,6,'2026-06-26','absent',2),
  (1,46,6,'2026-06-29','present',2),
  (1,46,6,'2026-06-30','present',2),
  (1,47,6,'2026-06-01','present',2),
  (1,47,6,'2026-06-02','present',2),
  (1,47,6,'2026-06-03','present',2),
  (1,47,6,'2026-06-04','present',2),
  (1,47,6,'2026-06-05','present',2),
  (1,47,6,'2026-06-08','present',2),
  (1,47,6,'2026-06-09','present',2),
  (1,47,6,'2026-06-10','absent',2),
  (1,47,6,'2026-06-11','absent',2),
  (1,47,6,'2026-06-12','present',2),
  (1,47,6,'2026-06-15','present',2),
  (1,47,6,'2026-06-16','present',2),
  (1,47,6,'2026-06-17','present',2),
  (1,47,6,'2026-06-18','absent',2),
  (1,47,6,'2026-06-19','present',2),
  (1,47,6,'2026-06-22','absent',2),
  (1,47,6,'2026-06-23','present',2),
  (1,47,6,'2026-06-24','present',2),
  (1,47,6,'2026-06-25','present',2),
  (1,47,6,'2026-06-26','present',2),
  (1,47,6,'2026-06-29','present',2),
  (1,47,6,'2026-06-30','present',2),
  (1,48,6,'2026-06-01','absent',2),
  (1,48,6,'2026-06-02','present',2),
  (1,48,6,'2026-06-03','present',2),
  (1,48,6,'2026-06-04','present',2),
  (1,48,6,'2026-06-05','present',2),
  (1,48,6,'2026-06-08','absent',2),
  (1,48,6,'2026-06-09','present',2),
  (1,48,6,'2026-06-10','present',2),
  (1,48,6,'2026-06-11','present',2),
  (1,48,6,'2026-06-12','present',2),
  (1,48,6,'2026-06-15','absent',2),
  (1,48,6,'2026-06-16','present',2),
  (1,48,6,'2026-06-17','absent',2),
  (1,48,6,'2026-06-18','present',2),
  (1,48,6,'2026-06-19','present',2),
  (1,48,6,'2026-06-22','present',2),
  (1,48,6,'2026-06-23','present',2),
  (1,48,6,'2026-06-24','present',2),
  (1,48,6,'2026-06-25','present',2),
  (1,48,6,'2026-06-26','present',2),
  (1,48,6,'2026-06-29','present',2),
  (1,48,6,'2026-06-30','absent',2),
  (1,49,6,'2026-06-01','present',2),
  (1,49,6,'2026-06-02','present',2),
  (1,49,6,'2026-06-03','present',2),
  (1,49,6,'2026-06-04','present',2),
  (1,49,6,'2026-06-05','absent',2),
  (1,49,6,'2026-06-08','present',2),
  (1,49,6,'2026-06-09','present',2),
  (1,49,6,'2026-06-10','present',2),
  (1,49,6,'2026-06-11','present',2),
  (1,49,6,'2026-06-12','present',2),
  (1,49,6,'2026-06-15','present',2),
  (1,49,6,'2026-06-16','present',2),
  (1,49,6,'2026-06-17','present',2),
  (1,49,6,'2026-06-18','present',2),
  (1,49,6,'2026-06-19','present',2),
  (1,49,6,'2026-06-22','present',2),
  (1,49,6,'2026-06-23','present',2),
  (1,49,6,'2026-06-24','absent',2),
  (1,49,6,'2026-06-25','present',2),
  (1,49,6,'2026-06-26','absent',2),
  (1,49,6,'2026-06-29','present',2),
  (1,49,6,'2026-06-30','present',2),
  (1,50,6,'2026-06-01','present',2),
  (1,50,6,'2026-06-02','present',2),
  (1,50,6,'2026-06-03','present',2),
  (1,50,6,'2026-06-04','present',2),
  (1,50,6,'2026-06-05','present',2),
  (1,50,6,'2026-06-08','present',2),
  (1,50,6,'2026-06-09','present',2),
  (1,50,6,'2026-06-10','present',2),
  (1,50,6,'2026-06-11','present',2),
  (1,50,6,'2026-06-12','present',2),
  (1,50,6,'2026-06-15','present',2),
  (1,50,6,'2026-06-16','present',2),
  (1,50,6,'2026-06-17','present',2),
  (1,50,6,'2026-06-18','present',2),
  (1,50,6,'2026-06-19','present',2),
  (1,50,6,'2026-06-22','present',2),
  (1,50,6,'2026-06-23','present',2),
  (1,50,6,'2026-06-24','present',2),
  (1,50,6,'2026-06-25','present',2),
  (1,50,6,'2026-06-26','present',2),
  (1,50,6,'2026-06-29','present',2),
  (1,50,6,'2026-06-30','present',2),
  (1,51,6,'2026-06-01','absent',2),
  (1,51,6,'2026-06-02','present',2),
  (1,51,6,'2026-06-03','absent',2),
  (1,51,6,'2026-06-04','present',2),
  (1,51,6,'2026-06-05','present',2),
  (1,51,6,'2026-06-08','present',2),
  (1,51,6,'2026-06-09','present',2),
  (1,51,6,'2026-06-10','present',2),
  (1,51,6,'2026-06-11','present',2),
  (1,51,6,'2026-06-12','present',2),
  (1,51,6,'2026-06-15','present',2),
  (1,51,6,'2026-06-16','present',2),
  (1,51,6,'2026-06-17','present',2),
  (1,51,6,'2026-06-18','present',2),
  (1,51,6,'2026-06-19','present',2),
  (1,51,6,'2026-06-22','present',2),
  (1,51,6,'2026-06-23','present',2),
  (1,51,6,'2026-06-24','present',2),
  (1,51,6,'2026-06-25','absent',2),
  (1,51,6,'2026-06-26','present',2),
  (1,51,6,'2026-06-29','absent',2),
  (1,51,6,'2026-06-30','absent',2),
  (1,52,6,'2026-06-01','present',2),
  (1,52,6,'2026-06-02','present',2),
  (1,52,6,'2026-06-03','present',2),
  (1,52,6,'2026-06-04','present',2),
  (1,52,6,'2026-06-05','absent',2),
  (1,52,6,'2026-06-08','absent',2),
  (1,52,6,'2026-06-09','present',2),
  (1,52,6,'2026-06-10','present',2),
  (1,52,6,'2026-06-11','present',2),
  (1,52,6,'2026-06-12','present',2),
  (1,52,6,'2026-06-15','present',2),
  (1,52,6,'2026-06-16','present',2),
  (1,52,6,'2026-06-17','present',2),
  (1,52,6,'2026-06-18','present',2),
  (1,52,6,'2026-06-19','absent',2),
  (1,52,6,'2026-06-22','present',2),
  (1,52,6,'2026-06-23','present',2),
  (1,52,6,'2026-06-24','present',2),
  (1,52,6,'2026-06-25','present',2),
  (1,52,6,'2026-06-26','present',2),
  (1,52,6,'2026-06-29','present',2),
  (1,52,6,'2026-06-30','present',2),
  (1,53,6,'2026-06-01','present',2),
  (1,53,6,'2026-06-02','present',2),
  (1,53,6,'2026-06-03','present',2),
  (1,53,6,'2026-06-04','present',2),
  (1,53,6,'2026-06-05','present',2),
  (1,53,6,'2026-06-08','present',2),
  (1,53,6,'2026-06-09','present',2),
  (1,53,6,'2026-06-10','present',2),
  (1,53,6,'2026-06-11','absent',2),
  (1,53,6,'2026-06-12','present',2),
  (1,53,6,'2026-06-15','present',2),
  (1,53,6,'2026-06-16','present',2),
  (1,53,6,'2026-06-17','absent',2),
  (1,53,6,'2026-06-18','present',2),
  (1,53,6,'2026-06-19','present',2),
  (1,53,6,'2026-06-22','present',2),
  (1,53,6,'2026-06-23','present',2),
  (1,53,6,'2026-06-24','present',2),
  (1,53,6,'2026-06-25','present',2),
  (1,53,6,'2026-06-26','present',2),
  (1,53,6,'2026-06-29','present',2),
  (1,53,6,'2026-06-30','present',2),
  (1,54,6,'2026-06-01','present',2),
  (1,54,6,'2026-06-02','present',2),
  (1,54,6,'2026-06-03','present',2),
  (1,54,6,'2026-06-04','present',2),
  (1,54,6,'2026-06-05','present',2),
  (1,54,6,'2026-06-08','present',2),
  (1,54,6,'2026-06-09','absent',2),
  (1,54,6,'2026-06-10','present',2),
  (1,54,6,'2026-06-11','absent',2),
  (1,54,6,'2026-06-12','present',2),
  (1,54,6,'2026-06-15','absent',2),
  (1,54,6,'2026-06-16','present',2),
  (1,54,6,'2026-06-17','absent',2),
  (1,54,6,'2026-06-18','present',2),
  (1,54,6,'2026-06-19','absent',2),
  (1,54,6,'2026-06-22','present',2),
  (1,54,6,'2026-06-23','present',2),
  (1,54,6,'2026-06-24','present',2),
  (1,54,6,'2026-06-25','present',2),
  (1,54,6,'2026-06-26','absent',2),
  (1,54,6,'2026-06-29','present',2),
  (1,54,6,'2026-06-30','present',2),
  (1,55,6,'2026-06-01','present',2),
  (1,55,6,'2026-06-02','present',2),
  (1,55,6,'2026-06-03','absent',2),
  (1,55,6,'2026-06-04','present',2),
  (1,55,6,'2026-06-05','present',2),
  (1,55,6,'2026-06-08','present',2),
  (1,55,6,'2026-06-09','present',2),
  (1,55,6,'2026-06-10','present',2),
  (1,55,6,'2026-06-11','absent',2),
  (1,55,6,'2026-06-12','present',2),
  (1,55,6,'2026-06-15','present',2),
  (1,55,6,'2026-06-16','present',2),
  (1,55,6,'2026-06-17','present',2),
  (1,55,6,'2026-06-18','present',2),
  (1,55,6,'2026-06-19','present',2),
  (1,55,6,'2026-06-22','absent',2),
  (1,55,6,'2026-06-23','present',2),
  (1,55,6,'2026-06-24','present',2),
  (1,55,6,'2026-06-25','present',2),
  (1,55,6,'2026-06-26','present',2),
  (1,55,6,'2026-06-29','present',2),
  (1,55,6,'2026-06-30','present',2),
  (1,56,6,'2026-06-01','present',2),
  (1,56,6,'2026-06-02','absent',2),
  (1,56,6,'2026-06-03','present',2),
  (1,56,6,'2026-06-04','present',2),
  (1,56,6,'2026-06-05','present',2),
  (1,56,6,'2026-06-08','present',2),
  (1,56,6,'2026-06-09','present',2),
  (1,56,6,'2026-06-10','present',2),
  (1,56,6,'2026-06-11','present',2),
  (1,56,6,'2026-06-12','present',2),
  (1,56,6,'2026-06-15','present',2),
  (1,56,6,'2026-06-16','present',2),
  (1,56,6,'2026-06-17','present',2),
  (1,56,6,'2026-06-18','present',2),
  (1,56,6,'2026-06-19','present',2),
  (1,56,6,'2026-06-22','present',2),
  (1,56,6,'2026-06-23','present',2),
  (1,56,6,'2026-06-24','absent',2),
  (1,56,6,'2026-06-25','present',2),
  (1,56,6,'2026-06-26','present',2),
  (1,56,6,'2026-06-29','present',2),
  (1,56,6,'2026-06-30','present',2),
  (1,57,6,'2026-06-01','present',2),
  (1,57,6,'2026-06-02','present',2),
  (1,57,6,'2026-06-03','absent',2),
  (1,57,6,'2026-06-04','present',2),
  (1,57,6,'2026-06-05','present',2),
  (1,57,6,'2026-06-08','present',2),
  (1,57,6,'2026-06-09','present',2),
  (1,57,6,'2026-06-10','absent',2),
  (1,57,6,'2026-06-11','present',2),
  (1,57,6,'2026-06-12','present',2),
  (1,57,6,'2026-06-15','present',2),
  (1,57,6,'2026-06-16','present',2),
  (1,57,6,'2026-06-17','present',2),
  (1,57,6,'2026-06-18','present',2),
  (1,57,6,'2026-06-19','present',2),
  (1,57,6,'2026-06-22','present',2),
  (1,57,6,'2026-06-23','present',2),
  (1,57,6,'2026-06-24','present',2),
  (1,57,6,'2026-06-25','present',2),
  (1,57,6,'2026-06-26','present',2),
  (1,57,6,'2026-06-29','absent',2),
  (1,57,6,'2026-06-30','present',2),
  (1,58,6,'2026-06-01','present',2),
  (1,58,6,'2026-06-02','present',2),
  (1,58,6,'2026-06-03','present',2),
  (1,58,6,'2026-06-04','present',2),
  (1,58,6,'2026-06-05','present',2),
  (1,58,6,'2026-06-08','present',2),
  (1,58,6,'2026-06-09','present',2),
  (1,58,6,'2026-06-10','present',2),
  (1,58,6,'2026-06-11','present',2),
  (1,58,6,'2026-06-12','present',2),
  (1,58,6,'2026-06-15','present',2),
  (1,58,6,'2026-06-16','present',2),
  (1,58,6,'2026-06-17','present',2),
  (1,58,6,'2026-06-18','present',2),
  (1,58,6,'2026-06-19','present',2),
  (1,58,6,'2026-06-22','present',2),
  (1,58,6,'2026-06-23','present',2),
  (1,58,6,'2026-06-24','present',2),
  (1,58,6,'2026-06-25','present',2),
  (1,58,6,'2026-06-26','present',2),
  (1,58,6,'2026-06-29','present',2),
  (1,58,6,'2026-06-30','present',2),
  (1,59,6,'2026-06-01','present',2),
  (1,59,6,'2026-06-02','present',2),
  (1,59,6,'2026-06-03','present',2),
  (1,59,6,'2026-06-04','present',2),
  (1,59,6,'2026-06-05','present',2),
  (1,59,6,'2026-06-08','present',2),
  (1,59,6,'2026-06-09','absent',2),
  (1,59,6,'2026-06-10','absent',2),
  (1,59,6,'2026-06-11','present',2),
  (1,59,6,'2026-06-12','present',2),
  (1,59,6,'2026-06-15','present',2),
  (1,59,6,'2026-06-16','present',2),
  (1,59,6,'2026-06-17','present',2),
  (1,59,6,'2026-06-18','present',2),
  (1,59,6,'2026-06-19','present',2),
  (1,59,6,'2026-06-22','present',2),
  (1,59,6,'2026-06-23','present',2),
  (1,59,6,'2026-06-24','present',2),
  (1,59,6,'2026-06-25','present',2),
  (1,59,6,'2026-06-26','present',2),
  (1,59,6,'2026-06-29','present',2),
  (1,59,6,'2026-06-30','present',2),
  (1,60,6,'2026-06-01','present',2),
  (1,60,6,'2026-06-02','present',2),
  (1,60,6,'2026-06-03','present',2),
  (1,60,6,'2026-06-04','present',2),
  (1,60,6,'2026-06-05','absent',2),
  (1,60,6,'2026-06-08','present',2),
  (1,60,6,'2026-06-09','present',2),
  (1,60,6,'2026-06-10','absent',2),
  (1,60,6,'2026-06-11','present',2),
  (1,60,6,'2026-06-12','present',2),
  (1,60,6,'2026-06-15','present',2),
  (1,60,6,'2026-06-16','present',2),
  (1,60,6,'2026-06-17','present',2),
  (1,60,6,'2026-06-18','present',2),
  (1,60,6,'2026-06-19','present',2),
  (1,60,6,'2026-06-22','absent',2),
  (1,60,6,'2026-06-23','present',2),
  (1,60,6,'2026-06-24','present',2),
  (1,60,6,'2026-06-25','present',2),
  (1,60,6,'2026-06-26','absent',2),
  (1,60,6,'2026-06-29','present',2),
  (1,60,6,'2026-06-30','present',2),
  (1,61,7,'2026-06-01','present',2),
  (1,61,7,'2026-06-02','present',2),
  (1,61,7,'2026-06-03','present',2),
  (1,61,7,'2026-06-04','present',2),
  (1,61,7,'2026-06-05','present',2),
  (1,61,7,'2026-06-08','present',2),
  (1,61,7,'2026-06-09','absent',2),
  (1,61,7,'2026-06-10','present',2),
  (1,61,7,'2026-06-11','absent',2),
  (1,61,7,'2026-06-12','present',2),
  (1,61,7,'2026-06-15','present',2),
  (1,61,7,'2026-06-16','present',2),
  (1,61,7,'2026-06-17','present',2),
  (1,61,7,'2026-06-18','present',2),
  (1,61,7,'2026-06-19','absent',2),
  (1,61,7,'2026-06-22','present',2),
  (1,61,7,'2026-06-23','present',2),
  (1,61,7,'2026-06-24','present',2),
  (1,61,7,'2026-06-25','absent',2),
  (1,61,7,'2026-06-26','present',2),
  (1,61,7,'2026-06-29','present',2),
  (1,61,7,'2026-06-30','present',2),
  (1,62,7,'2026-06-01','present',2),
  (1,62,7,'2026-06-02','present',2),
  (1,62,7,'2026-06-03','present',2),
  (1,62,7,'2026-06-04','absent',2),
  (1,62,7,'2026-06-05','present',2),
  (1,62,7,'2026-06-08','absent',2),
  (1,62,7,'2026-06-09','present',2),
  (1,62,7,'2026-06-10','present',2),
  (1,62,7,'2026-06-11','present',2),
  (1,62,7,'2026-06-12','absent',2),
  (1,62,7,'2026-06-15','present',2),
  (1,62,7,'2026-06-16','present',2),
  (1,62,7,'2026-06-17','present',2),
  (1,62,7,'2026-06-18','present',2),
  (1,62,7,'2026-06-19','present',2),
  (1,62,7,'2026-06-22','present',2),
  (1,62,7,'2026-06-23','present',2),
  (1,62,7,'2026-06-24','present',2),
  (1,62,7,'2026-06-25','present',2),
  (1,62,7,'2026-06-26','absent',2),
  (1,62,7,'2026-06-29','absent',2),
  (1,62,7,'2026-06-30','absent',2),
  (1,63,7,'2026-06-01','absent',2),
  (1,63,7,'2026-06-02','present',2),
  (1,63,7,'2026-06-03','present',2),
  (1,63,7,'2026-06-04','present',2),
  (1,63,7,'2026-06-05','present',2),
  (1,63,7,'2026-06-08','present',2),
  (1,63,7,'2026-06-09','present',2),
  (1,63,7,'2026-06-10','present',2),
  (1,63,7,'2026-06-11','present',2),
  (1,63,7,'2026-06-12','present',2),
  (1,63,7,'2026-06-15','present',2),
  (1,63,7,'2026-06-16','present',2),
  (1,63,7,'2026-06-17','present',2),
  (1,63,7,'2026-06-18','present',2),
  (1,63,7,'2026-06-19','present',2),
  (1,63,7,'2026-06-22','present',2),
  (1,63,7,'2026-06-23','present',2),
  (1,63,7,'2026-06-24','present',2),
  (1,63,7,'2026-06-25','absent',2),
  (1,63,7,'2026-06-26','present',2),
  (1,63,7,'2026-06-29','present',2),
  (1,63,7,'2026-06-30','present',2),
  (1,64,7,'2026-06-01','present',2),
  (1,64,7,'2026-06-02','present',2),
  (1,64,7,'2026-06-03','present',2),
  (1,64,7,'2026-06-04','present',2),
  (1,64,7,'2026-06-05','present',2),
  (1,64,7,'2026-06-08','present',2),
  (1,64,7,'2026-06-09','present',2),
  (1,64,7,'2026-06-10','present',2),
  (1,64,7,'2026-06-11','present',2),
  (1,64,7,'2026-06-12','present',2),
  (1,64,7,'2026-06-15','present',2),
  (1,64,7,'2026-06-16','present',2),
  (1,64,7,'2026-06-17','absent',2),
  (1,64,7,'2026-06-18','present',2),
  (1,64,7,'2026-06-19','present',2),
  (1,64,7,'2026-06-22','present',2),
  (1,64,7,'2026-06-23','present',2),
  (1,64,7,'2026-06-24','present',2),
  (1,64,7,'2026-06-25','absent',2),
  (1,64,7,'2026-06-26','present',2),
  (1,64,7,'2026-06-29','present',2),
  (1,64,7,'2026-06-30','absent',2),
  (1,65,7,'2026-06-01','present',2),
  (1,65,7,'2026-06-02','present',2),
  (1,65,7,'2026-06-03','absent',2),
  (1,65,7,'2026-06-04','present',2),
  (1,65,7,'2026-06-05','present',2),
  (1,65,7,'2026-06-08','present',2),
  (1,65,7,'2026-06-09','absent',2),
  (1,65,7,'2026-06-10','present',2),
  (1,65,7,'2026-06-11','present',2),
  (1,65,7,'2026-06-12','present',2),
  (1,65,7,'2026-06-15','present',2),
  (1,65,7,'2026-06-16','present',2),
  (1,65,7,'2026-06-17','present',2),
  (1,65,7,'2026-06-18','present',2),
  (1,65,7,'2026-06-19','present',2),
  (1,65,7,'2026-06-22','present',2),
  (1,65,7,'2026-06-23','present',2),
  (1,65,7,'2026-06-24','present',2),
  (1,65,7,'2026-06-25','absent',2),
  (1,65,7,'2026-06-26','present',2),
  (1,65,7,'2026-06-29','present',2),
  (1,65,7,'2026-06-30','present',2),
  (1,66,7,'2026-06-01','present',2),
  (1,66,7,'2026-06-02','absent',2),
  (1,66,7,'2026-06-03','present',2),
  (1,66,7,'2026-06-04','absent',2),
  (1,66,7,'2026-06-05','present',2),
  (1,66,7,'2026-06-08','present',2),
  (1,66,7,'2026-06-09','present',2),
  (1,66,7,'2026-06-10','absent',2),
  (1,66,7,'2026-06-11','present',2),
  (1,66,7,'2026-06-12','absent',2),
  (1,66,7,'2026-06-15','present',2),
  (1,66,7,'2026-06-16','absent',2),
  (1,66,7,'2026-06-17','present',2),
  (1,66,7,'2026-06-18','present',2),
  (1,66,7,'2026-06-19','present',2),
  (1,66,7,'2026-06-22','present',2),
  (1,66,7,'2026-06-23','present',2),
  (1,66,7,'2026-06-24','present',2),
  (1,66,7,'2026-06-25','present',2),
  (1,66,7,'2026-06-26','absent',2),
  (1,66,7,'2026-06-29','absent',2),
  (1,66,7,'2026-06-30','present',2),
  (1,67,7,'2026-06-01','present',2),
  (1,67,7,'2026-06-02','present',2),
  (1,67,7,'2026-06-03','absent',2),
  (1,67,7,'2026-06-04','present',2),
  (1,67,7,'2026-06-05','present',2),
  (1,67,7,'2026-06-08','present',2),
  (1,67,7,'2026-06-09','present',2),
  (1,67,7,'2026-06-10','present',2),
  (1,67,7,'2026-06-11','present',2),
  (1,67,7,'2026-06-12','present',2),
  (1,67,7,'2026-06-15','present',2),
  (1,67,7,'2026-06-16','absent',2),
  (1,67,7,'2026-06-17','present',2),
  (1,67,7,'2026-06-18','present',2),
  (1,67,7,'2026-06-19','present',2),
  (1,67,7,'2026-06-22','present',2),
  (1,67,7,'2026-06-23','absent',2),
  (1,67,7,'2026-06-24','present',2),
  (1,67,7,'2026-06-25','present',2),
  (1,67,7,'2026-06-26','present',2),
  (1,67,7,'2026-06-29','absent',2),
  (1,67,7,'2026-06-30','absent',2),
  (1,68,7,'2026-06-01','absent',2),
  (1,68,7,'2026-06-02','present',2),
  (1,68,7,'2026-06-03','present',2),
  (1,68,7,'2026-06-04','absent',2),
  (1,68,7,'2026-06-05','present',2),
  (1,68,7,'2026-06-08','present',2),
  (1,68,7,'2026-06-09','present',2),
  (1,68,7,'2026-06-10','present',2),
  (1,68,7,'2026-06-11','present',2),
  (1,68,7,'2026-06-12','present',2),
  (1,68,7,'2026-06-15','present',2),
  (1,68,7,'2026-06-16','absent',2),
  (1,68,7,'2026-06-17','present',2),
  (1,68,7,'2026-06-18','absent',2),
  (1,68,7,'2026-06-19','present',2),
  (1,68,7,'2026-06-22','absent',2),
  (1,68,7,'2026-06-23','present',2),
  (1,68,7,'2026-06-24','present',2),
  (1,68,7,'2026-06-25','present',2),
  (1,68,7,'2026-06-26','present',2),
  (1,68,7,'2026-06-29','present',2),
  (1,68,7,'2026-06-30','present',2),
  (1,69,7,'2026-06-01','present',2),
  (1,69,7,'2026-06-02','present',2),
  (1,69,7,'2026-06-03','present',2),
  (1,69,7,'2026-06-04','present',2),
  (1,69,7,'2026-06-05','absent',2),
  (1,69,7,'2026-06-08','absent',2),
  (1,69,7,'2026-06-09','present',2),
  (1,69,7,'2026-06-10','present',2),
  (1,69,7,'2026-06-11','present',2),
  (1,69,7,'2026-06-12','present',2),
  (1,69,7,'2026-06-15','present',2),
  (1,69,7,'2026-06-16','present',2),
  (1,69,7,'2026-06-17','present',2),
  (1,69,7,'2026-06-18','absent',2),
  (1,69,7,'2026-06-19','present',2),
  (1,69,7,'2026-06-22','present',2),
  (1,69,7,'2026-06-23','absent',2),
  (1,69,7,'2026-06-24','present',2),
  (1,69,7,'2026-06-25','present',2),
  (1,69,7,'2026-06-26','present',2),
  (1,69,7,'2026-06-29','absent',2),
  (1,69,7,'2026-06-30','present',2),
  (1,70,7,'2026-06-01','present',2),
  (1,70,7,'2026-06-02','present',2),
  (1,70,7,'2026-06-03','present',2),
  (1,70,7,'2026-06-04','present',2),
  (1,70,7,'2026-06-05','present',2),
  (1,70,7,'2026-06-08','present',2),
  (1,70,7,'2026-06-09','present',2),
  (1,70,7,'2026-06-10','present',2),
  (1,70,7,'2026-06-11','present',2),
  (1,70,7,'2026-06-12','present',2),
  (1,70,7,'2026-06-15','present',2),
  (1,70,7,'2026-06-16','present',2),
  (1,70,7,'2026-06-17','present',2),
  (1,70,7,'2026-06-18','present',2),
  (1,70,7,'2026-06-19','present',2),
  (1,70,7,'2026-06-22','absent',2),
  (1,70,7,'2026-06-23','present',2),
  (1,70,7,'2026-06-24','absent',2),
  (1,70,7,'2026-06-25','present',2),
  (1,70,7,'2026-06-26','absent',2),
  (1,70,7,'2026-06-29','present',2),
  (1,70,7,'2026-06-30','present',2),
  (1,71,7,'2026-06-01','present',2),
  (1,71,7,'2026-06-02','present',2),
  (1,71,7,'2026-06-03','present',2),
  (1,71,7,'2026-06-04','present',2),
  (1,71,7,'2026-06-05','present',2),
  (1,71,7,'2026-06-08','present',2),
  (1,71,7,'2026-06-09','present',2),
  (1,71,7,'2026-06-10','present',2),
  (1,71,7,'2026-06-11','present',2),
  (1,71,7,'2026-06-12','present',2),
  (1,71,7,'2026-06-15','present',2),
  (1,71,7,'2026-06-16','present',2),
  (1,71,7,'2026-06-17','present',2),
  (1,71,7,'2026-06-18','absent',2),
  (1,71,7,'2026-06-19','present',2),
  (1,71,7,'2026-06-22','present',2),
  (1,71,7,'2026-06-23','present',2),
  (1,71,7,'2026-06-24','present',2),
  (1,71,7,'2026-06-25','present',2),
  (1,71,7,'2026-06-26','present',2),
  (1,71,7,'2026-06-29','present',2),
  (1,71,7,'2026-06-30','present',2),
  (1,72,7,'2026-06-01','present',2),
  (1,72,7,'2026-06-02','present',2),
  (1,72,7,'2026-06-03','absent',2),
  (1,72,7,'2026-06-04','present',2),
  (1,72,7,'2026-06-05','present',2),
  (1,72,7,'2026-06-08','present',2),
  (1,72,7,'2026-06-09','present',2),
  (1,72,7,'2026-06-10','absent',2),
  (1,72,7,'2026-06-11','present',2),
  (1,72,7,'2026-06-12','present',2),
  (1,72,7,'2026-06-15','absent',2),
  (1,72,7,'2026-06-16','present',2),
  (1,72,7,'2026-06-17','present',2),
  (1,72,7,'2026-06-18','present',2),
  (1,72,7,'2026-06-19','present',2),
  (1,72,7,'2026-06-22','present',2),
  (1,72,7,'2026-06-23','present',2),
  (1,72,7,'2026-06-24','present',2),
  (1,72,7,'2026-06-25','present',2),
  (1,72,7,'2026-06-26','present',2),
  (1,72,7,'2026-06-29','present',2),
  (1,72,7,'2026-06-30','present',2),
  (1,73,7,'2026-06-01','present',2),
  (1,73,7,'2026-06-02','present',2),
  (1,73,7,'2026-06-03','present',2),
  (1,73,7,'2026-06-04','present',2),
  (1,73,7,'2026-06-05','present',2),
  (1,73,7,'2026-06-08','present',2),
  (1,73,7,'2026-06-09','present',2),
  (1,73,7,'2026-06-10','absent',2),
  (1,73,7,'2026-06-11','present',2),
  (1,73,7,'2026-06-12','present',2),
  (1,73,7,'2026-06-15','present',2),
  (1,73,7,'2026-06-16','present',2),
  (1,73,7,'2026-06-17','present',2),
  (1,73,7,'2026-06-18','present',2),
  (1,73,7,'2026-06-19','absent',2),
  (1,73,7,'2026-06-22','present',2),
  (1,73,7,'2026-06-23','present',2),
  (1,73,7,'2026-06-24','present',2),
  (1,73,7,'2026-06-25','absent',2),
  (1,73,7,'2026-06-26','present',2),
  (1,73,7,'2026-06-29','present',2),
  (1,73,7,'2026-06-30','present',2),
  (1,74,7,'2026-06-01','absent',2),
  (1,74,7,'2026-06-02','present',2),
  (1,74,7,'2026-06-03','present',2),
  (1,74,7,'2026-06-04','present',2),
  (1,74,7,'2026-06-05','present',2),
  (1,74,7,'2026-06-08','present',2),
  (1,74,7,'2026-06-09','present',2),
  (1,74,7,'2026-06-10','present',2),
  (1,74,7,'2026-06-11','present',2),
  (1,74,7,'2026-06-12','present',2),
  (1,74,7,'2026-06-15','absent',2),
  (1,74,7,'2026-06-16','present',2),
  (1,74,7,'2026-06-17','present',2),
  (1,74,7,'2026-06-18','present',2),
  (1,74,7,'2026-06-19','present',2),
  (1,74,7,'2026-06-22','absent',2),
  (1,74,7,'2026-06-23','present',2),
  (1,74,7,'2026-06-24','present',2),
  (1,74,7,'2026-06-25','present',2),
  (1,74,7,'2026-06-26','present',2),
  (1,74,7,'2026-06-29','present',2),
  (1,74,7,'2026-06-30','present',2),
  (1,75,7,'2026-06-01','present',2),
  (1,75,7,'2026-06-02','present',2),
  (1,75,7,'2026-06-03','present',2),
  (1,75,7,'2026-06-04','present',2),
  (1,75,7,'2026-06-05','present',2),
  (1,75,7,'2026-06-08','absent',2),
  (1,75,7,'2026-06-09','present',2),
  (1,75,7,'2026-06-10','present',2),
  (1,75,7,'2026-06-11','present',2),
  (1,75,7,'2026-06-12','present',2),
  (1,75,7,'2026-06-15','present',2),
  (1,75,7,'2026-06-16','present',2),
  (1,75,7,'2026-06-17','present',2),
  (1,75,7,'2026-06-18','present',2),
  (1,75,7,'2026-06-19','present',2),
  (1,75,7,'2026-06-22','present',2),
  (1,75,7,'2026-06-23','present',2),
  (1,75,7,'2026-06-24','present',2),
  (1,75,7,'2026-06-25','present',2),
  (1,75,7,'2026-06-26','present',2),
  (1,75,7,'2026-06-29','present',2),
  (1,75,7,'2026-06-30','present',2),
  (1,76,7,'2026-06-01','present',2),
  (1,76,7,'2026-06-02','present',2),
  (1,76,7,'2026-06-03','present',2),
  (1,76,7,'2026-06-04','present',2),
  (1,76,7,'2026-06-05','present',2),
  (1,76,7,'2026-06-08','present',2),
  (1,76,7,'2026-06-09','absent',2),
  (1,76,7,'2026-06-10','present',2),
  (1,76,7,'2026-06-11','present',2),
  (1,76,7,'2026-06-12','present',2),
  (1,76,7,'2026-06-15','present',2),
  (1,76,7,'2026-06-16','present',2),
  (1,76,7,'2026-06-17','present',2),
  (1,76,7,'2026-06-18','present',2),
  (1,76,7,'2026-06-19','present',2),
  (1,76,7,'2026-06-22','present',2),
  (1,76,7,'2026-06-23','present',2),
  (1,76,7,'2026-06-24','present',2),
  (1,76,7,'2026-06-25','present',2),
  (1,76,7,'2026-06-26','present',2),
  (1,76,7,'2026-06-29','present',2),
  (1,76,7,'2026-06-30','present',2),
  (1,77,7,'2026-06-01','present',2),
  (1,77,7,'2026-06-02','present',2),
  (1,77,7,'2026-06-03','present',2),
  (1,77,7,'2026-06-04','present',2),
  (1,77,7,'2026-06-05','present',2),
  (1,77,7,'2026-06-08','present',2),
  (1,77,7,'2026-06-09','present',2),
  (1,77,7,'2026-06-10','present',2),
  (1,77,7,'2026-06-11','absent',2),
  (1,77,7,'2026-06-12','present',2),
  (1,77,7,'2026-06-15','absent',2),
  (1,77,7,'2026-06-16','present',2),
  (1,77,7,'2026-06-17','present',2),
  (1,77,7,'2026-06-18','present',2),
  (1,77,7,'2026-06-19','present',2),
  (1,77,7,'2026-06-22','present',2),
  (1,77,7,'2026-06-23','present',2),
  (1,77,7,'2026-06-24','present',2),
  (1,77,7,'2026-06-25','present',2),
  (1,77,7,'2026-06-26','absent',2),
  (1,77,7,'2026-06-29','present',2),
  (1,77,7,'2026-06-30','present',2),
  (1,78,7,'2026-06-01','absent',2),
  (1,78,7,'2026-06-02','present',2),
  (1,78,7,'2026-06-03','present',2),
  (1,78,7,'2026-06-04','present',2),
  (1,78,7,'2026-06-05','present',2),
  (1,78,7,'2026-06-08','present',2),
  (1,78,7,'2026-06-09','present',2),
  (1,78,7,'2026-06-10','present',2),
  (1,78,7,'2026-06-11','present',2),
  (1,78,7,'2026-06-12','present',2),
  (1,78,7,'2026-06-15','present',2),
  (1,78,7,'2026-06-16','present',2),
  (1,78,7,'2026-06-17','present',2),
  (1,78,7,'2026-06-18','present',2),
  (1,78,7,'2026-06-19','present',2),
  (1,78,7,'2026-06-22','present',2),
  (1,78,7,'2026-06-23','absent',2),
  (1,78,7,'2026-06-24','absent',2),
  (1,78,7,'2026-06-25','present',2),
  (1,78,7,'2026-06-26','present',2),
  (1,78,7,'2026-06-29','present',2),
  (1,78,7,'2026-06-30','present',2),
  (1,79,7,'2026-06-01','present',2),
  (1,79,7,'2026-06-02','present',2),
  (1,79,7,'2026-06-03','absent',2),
  (1,79,7,'2026-06-04','present',2),
  (1,79,7,'2026-06-05','present',2),
  (1,79,7,'2026-06-08','present',2),
  (1,79,7,'2026-06-09','present',2),
  (1,79,7,'2026-06-10','absent',2),
  (1,79,7,'2026-06-11','present',2),
  (1,79,7,'2026-06-12','present',2),
  (1,79,7,'2026-06-15','present',2),
  (1,79,7,'2026-06-16','present',2),
  (1,79,7,'2026-06-17','present',2),
  (1,79,7,'2026-06-18','present',2),
  (1,79,7,'2026-06-19','present',2),
  (1,79,7,'2026-06-22','present',2),
  (1,79,7,'2026-06-23','present',2),
  (1,79,7,'2026-06-24','present',2),
  (1,79,7,'2026-06-25','present',2),
  (1,79,7,'2026-06-26','present',2),
  (1,79,7,'2026-06-29','present',2),
  (1,79,7,'2026-06-30','present',2),
  (1,80,7,'2026-06-01','present',2),
  (1,80,7,'2026-06-02','present',2),
  (1,80,7,'2026-06-03','present',2),
  (1,80,7,'2026-06-04','present',2),
  (1,80,7,'2026-06-05','present',2),
  (1,80,7,'2026-06-08','present',2),
  (1,80,7,'2026-06-09','present',2),
  (1,80,7,'2026-06-10','absent',2),
  (1,80,7,'2026-06-11','present',2),
  (1,80,7,'2026-06-12','present',2),
  (1,80,7,'2026-06-15','present',2),
  (1,80,7,'2026-06-16','present',2),
  (1,80,7,'2026-06-17','present',2),
  (1,80,7,'2026-06-18','present',2),
  (1,80,7,'2026-06-19','absent',2),
  (1,80,7,'2026-06-22','absent',2),
  (1,80,7,'2026-06-23','present',2),
  (1,80,7,'2026-06-24','absent',2),
  (1,80,7,'2026-06-25','present',2),
  (1,80,7,'2026-06-26','present',2),
  (1,80,7,'2026-06-29','absent',2),
  (1,80,7,'2026-06-30','present',2);

-- Marks: 8-A students 2-6 (4 exams x 5 subjects) -----------------------
INSERT INTO marks (school_id,exam_id,student_id,subject_id,mark,entered_by) VALUES
  (1,1,2,1,70,2),
  (1,1,2,2,72,2),
  (1,1,2,3,79,2),
  (1,1,2,4,77,2),
  (1,1,2,5,82,2),
  (1,2,2,1,77,2),
  (1,2,2,2,79,2),
  (1,2,2,3,81,2),
  (1,2,2,4,85,2),
  (1,2,2,5,86,2),
  (1,3,2,1,81,2),
  (1,3,2,2,83,2),
  (1,3,2,3,80,2),
  (1,3,2,4,81,2),
  (1,3,2,5,84,2),
  (1,4,2,1,80,2),
  (1,4,2,2,79,2),
  (1,4,2,3,78,2),
  (1,4,2,4,78,2),
  (1,4,2,5,78,2),
  (1,1,3,1,75,2),
  (1,1,3,2,76,2),
  (1,1,3,3,76,2),
  (1,1,3,4,85,2),
  (1,1,3,5,78,2),
  (1,2,3,1,86,2),
  (1,2,3,2,79,2),
  (1,2,3,3,73,2),
  (1,2,3,4,76,2),
  (1,2,3,5,79,2),
  (1,3,3,1,77,2),
  (1,3,3,2,81,2),
  (1,3,3,3,75,2),
  (1,3,3,4,79,2),
  (1,3,3,5,70,2),
  (1,4,3,1,76,2),
  (1,4,3,2,71,2),
  (1,4,3,3,84,2),
  (1,4,3,4,79,2),
  (1,4,3,5,85,2),
  (1,1,4,1,38,2),
  (1,1,4,2,53,2),
  (1,1,4,3,20,2),
  (1,1,4,4,46,2),
  (1,1,4,5,21,2),
  (1,2,4,1,50,2),
  (1,2,4,2,56,2),
  (1,2,4,3,32,2),
  (1,2,4,4,56,2),
  (1,2,4,5,40,2),
  (1,3,4,1,41,2),
  (1,3,4,2,51,2),
  (1,3,4,3,49,2),
  (1,3,4,4,54,2),
  (1,3,4,5,52,2),
  (1,4,4,1,59,2),
  (1,4,4,2,57,2),
  (1,4,4,3,34,2),
  (1,4,4,4,23,2),
  (1,4,4,5,20,2),
  (1,1,5,1,41,2),
  (1,1,5,2,47,2),
  (1,1,5,3,32,2),
  (1,1,5,4,37,2),
  (1,1,5,5,17,2),
  (1,2,5,1,36,2),
  (1,2,5,2,48,2),
  (1,2,5,3,24,2),
  (1,2,5,4,14,2),
  (1,2,5,5,36,2),
  (1,3,5,1,19,2),
  (1,3,5,2,47,2),
  (1,3,5,3,36,2),
  (1,3,5,4,32,2),
  (1,3,5,5,37,2),
  (1,4,5,1,40,2),
  (1,4,5,2,42,2),
  (1,4,5,3,18,2),
  (1,4,5,4,31,2),
  (1,4,5,5,50,2),
  (1,1,6,1,63,2),
  (1,1,6,2,56,2),
  (1,1,6,3,57,2),
  (1,1,6,4,70,2),
  (1,1,6,5,71,2),
  (1,2,6,1,69,2),
  (1,2,6,2,63,2),
  (1,2,6,3,57,2),
  (1,2,6,4,68,2),
  (1,2,6,5,70,2),
  (1,3,6,1,57,2),
  (1,3,6,2,70,2),
  (1,3,6,3,63,2),
  (1,3,6,4,68,2),
  (1,3,6,5,65,2),
  (1,4,6,1,70,2),
  (1,4,6,2,59,2),
  (1,4,6,3,65,2),
  (1,4,6,4,72,2),
  (1,4,6,5,71,2);

-- Marks: 8-A new students (IDs 7-35) ------------------------------------
INSERT INTO marks (school_id,exam_id,student_id,subject_id,mark,entered_by) VALUES
  (1,1,7,1,56,2),
  (1,1,7,2,69,2),
  (1,1,7,3,54,2),
  (1,1,7,4,65,2),
  (1,1,7,5,63,2),
  (1,2,7,1,65,2),
  (1,2,7,2,58,2),
  (1,2,7,3,64,2),
  (1,2,7,4,71,2),
  (1,2,7,5,55,2),
  (1,3,7,1,72,2),
  (1,3,7,2,69,2),
  (1,3,7,3,65,2),
  (1,3,7,4,56,2),
  (1,3,7,5,61,2),
  (1,4,7,1,73,2),
  (1,4,7,2,75,2),
  (1,4,7,3,66,2),
  (1,4,7,4,63,2),
  (1,4,7,5,73,2),
  (1,1,8,1,79,2),
  (1,1,8,2,84,2),
  (1,1,8,3,85,2),
  (1,1,8,4,73,2),
  (1,1,8,5,70,2),
  (1,2,8,1,77,2),
  (1,2,8,2,75,2),
  (1,2,8,3,79,2),
  (1,2,8,4,70,2),
  (1,2,8,5,83,2),
  (1,3,8,1,72,2),
  (1,3,8,2,77,2),
  (1,3,8,3,73,2),
  (1,3,8,4,84,2),
  (1,3,8,5,73,2),
  (1,4,8,1,77,2),
  (1,4,8,2,83,2),
  (1,4,8,3,81,2),
  (1,4,8,4,88,2),
  (1,4,8,5,80,2),
  (1,1,9,1,74,2),
  (1,1,9,2,82,2),
  (1,1,9,3,76,2),
  (1,1,9,4,86,2),
  (1,1,9,5,74,2),
  (1,2,9,1,72,2),
  (1,2,9,2,78,2),
  (1,2,9,3,83,2),
  (1,2,9,4,80,2),
  (1,2,9,5,86,2),
  (1,3,9,1,78,2),
  (1,3,9,2,70,2),
  (1,3,9,3,79,2),
  (1,3,9,4,79,2),
  (1,3,9,5,85,2),
  (1,4,9,1,77,2),
  (1,4,9,2,87,2),
  (1,4,9,3,84,2),
  (1,4,9,4,85,2),
  (1,4,9,5,81,2),
  (1,1,10,1,62,2),
  (1,1,10,2,67,2),
  (1,1,10,3,59,2),
  (1,1,10,4,68,2),
  (1,1,10,5,56,2),
  (1,2,10,1,65,2),
  (1,2,10,2,70,2),
  (1,2,10,3,64,2),
  (1,2,10,4,67,2),
  (1,2,10,5,59,2),
  (1,3,10,1,70,2),
  (1,3,10,2,56,2),
  (1,3,10,3,56,2),
  (1,3,10,4,71,2),
  (1,3,10,5,65,2),
  (1,4,10,1,61,2),
  (1,4,10,2,62,2),
  (1,4,10,3,66,2),
  (1,4,10,4,62,2),
  (1,4,10,5,59,2),
  (1,1,11,1,70,2),
  (1,1,11,2,63,2),
  (1,1,11,3,62,2),
  (1,1,11,4,67,2),
  (1,1,11,5,57,2),
  (1,2,11,1,65,2),
  (1,2,11,2,72,2),
  (1,2,11,3,64,2),
  (1,2,11,4,65,2),
  (1,2,11,5,70,2),
  (1,3,11,1,72,2),
  (1,3,11,2,56,2),
  (1,3,11,3,54,2),
  (1,3,11,4,62,2),
  (1,3,11,5,64,2),
  (1,4,11,1,67,2),
  (1,4,11,2,60,2),
  (1,4,11,3,60,2),
  (1,4,11,4,61,2),
  (1,4,11,5,65,2),
  (1,1,12,1,79,2),
  (1,1,12,2,70,2),
  (1,1,12,3,71,2),
  (1,1,12,4,80,2),
  (1,1,12,5,71,2),
  (1,2,12,1,79,2),
  (1,2,12,2,81,2),
  (1,2,12,3,81,2),
  (1,2,12,4,83,2),
  (1,2,12,5,74,2),
  (1,3,12,1,77,2),
  (1,3,12,2,86,2),
  (1,3,12,3,83,2),
  (1,3,12,4,75,2),
  (1,3,12,5,75,2),
  (1,4,12,1,75,2),
  (1,4,12,2,86,2),
  (1,4,12,3,80,2),
  (1,4,12,4,75,2),
  (1,4,12,5,89,2),
  (1,1,13,1,78,2),
  (1,1,13,2,84,2),
  (1,1,13,3,78,2),
  (1,1,13,4,70,2),
  (1,1,13,5,84,2),
  (1,2,13,1,79,2),
  (1,2,13,2,75,2),
  (1,2,13,3,72,2),
  (1,2,13,4,84,2),
  (1,2,13,5,81,2),
  (1,3,13,1,79,2),
  (1,3,13,2,83,2),
  (1,3,13,3,78,2),
  (1,3,13,4,84,2),
  (1,3,13,5,79,2),
  (1,4,13,1,79,2),
  (1,4,13,2,85,2),
  (1,4,13,3,80,2),
  (1,4,13,4,85,2),
  (1,4,13,5,84,2),
  (1,1,14,1,79,2),
  (1,1,14,2,70,2),
  (1,1,14,3,82,2),
  (1,1,14,4,78,2),
  (1,1,14,5,70,2),
  (1,2,14,1,71,2),
  (1,2,14,2,85,2),
  (1,2,14,3,79,2),
  (1,2,14,4,77,2),
  (1,2,14,5,81,2),
  (1,3,14,1,77,2),
  (1,3,14,2,76,2),
  (1,3,14,3,78,2),
  (1,3,14,4,74,2),
  (1,3,14,5,73,2),
  (1,4,14,1,73,2),
  (1,4,14,2,84,2),
  (1,4,14,3,86,2),
  (1,4,14,4,74,2),
  (1,4,14,5,81,2),
  (1,1,15,1,83,2),
  (1,1,15,2,75,2),
  (1,1,15,3,76,2),
  (1,1,15,4,74,2),
  (1,1,15,5,81,2),
  (1,2,15,1,86,2),
  (1,2,15,2,86,2),
  (1,2,15,3,78,2),
  (1,2,15,4,75,2),
  (1,2,15,5,78,2),
  (1,3,15,1,85,2),
  (1,3,15,2,79,2),
  (1,3,15,3,80,2),
  (1,3,15,4,73,2),
  (1,3,15,5,84,2),
  (1,4,15,1,73,2),
  (1,4,15,2,82,2),
  (1,4,15,3,86,2),
  (1,4,15,4,81,2),
  (1,4,15,5,82,2),
  (1,1,16,1,78,2),
  (1,1,16,2,73,2),
  (1,1,16,3,84,2),
  (1,1,16,4,81,2),
  (1,1,16,5,78,2),
  (1,2,16,1,82,2),
  (1,2,16,2,81,2),
  (1,2,16,3,73,2),
  (1,2,16,4,77,2),
  (1,2,16,5,85,2),
  (1,3,16,1,70,2),
  (1,3,16,2,80,2),
  (1,3,16,3,77,2),
  (1,3,16,4,72,2),
  (1,3,16,5,84,2),
  (1,4,16,1,84,2),
  (1,4,16,2,83,2),
  (1,4,16,3,74,2),
  (1,4,16,4,73,2),
  (1,4,16,5,85,2),
  (1,1,17,1,73,2),
  (1,1,17,2,77,2),
  (1,1,17,3,74,2),
  (1,1,17,4,82,2),
  (1,1,17,5,84,2),
  (1,2,17,1,81,2),
  (1,2,17,2,83,2),
  (1,2,17,3,74,2),
  (1,2,17,4,83,2),
  (1,2,17,5,73,2),
  (1,3,17,1,85,2),
  (1,3,17,2,83,2),
  (1,3,17,3,78,2),
  (1,3,17,4,71,2),
  (1,3,17,5,81,2),
  (1,4,17,1,79,2),
  (1,4,17,2,85,2),
  (1,4,17,3,81,2),
  (1,4,17,4,85,2),
  (1,4,17,5,81,2),
  (1,1,18,1,67,2),
  (1,1,18,2,63,2),
  (1,1,18,3,58,2),
  (1,1,18,4,58,2),
  (1,1,18,5,69,2),
  (1,2,18,1,57,2),
  (1,2,18,2,61,2),
  (1,2,18,3,52,2),
  (1,2,18,4,56,2),
  (1,2,18,5,65,2),
  (1,3,18,1,62,2),
  (1,3,18,2,59,2),
  (1,3,18,3,58,2),
  (1,3,18,4,57,2),
  (1,3,18,5,72,2),
  (1,4,18,1,65,2),
  (1,4,18,2,62,2),
  (1,4,18,3,63,2),
  (1,4,18,4,57,2),
  (1,4,18,5,60,2),
  (1,1,19,1,72,2),
  (1,1,19,2,63,2),
  (1,1,19,3,57,2),
  (1,1,19,4,58,2),
  (1,1,19,5,55,2),
  (1,2,19,1,59,2),
  (1,2,19,2,55,2),
  (1,2,19,3,63,2),
  (1,2,19,4,62,2),
  (1,2,19,5,65,2),
  (1,3,19,1,55,2),
  (1,3,19,2,60,2),
  (1,3,19,3,60,2),
  (1,3,19,4,56,2),
  (1,3,19,5,59,2),
  (1,4,19,1,72,2),
  (1,4,19,2,63,2),
  (1,4,19,3,57,2),
  (1,4,19,4,71,2),
  (1,4,19,5,75,2),
  (1,1,20,1,41,2),
  (1,1,20,2,45,2),
  (1,1,20,3,31,2),
  (1,1,20,4,54,2),
  (1,1,20,5,58,2),
  (1,2,20,1,39,2),
  (1,2,20,2,50,2),
  (1,2,20,3,33,2),
  (1,2,20,4,21,2),
  (1,2,20,5,48,2),
  (1,3,20,1,29,2),
  (1,3,20,2,58,2),
  (1,3,20,3,40,2),
  (1,3,20,4,57,2),
  (1,3,20,5,52,2),
  (1,4,20,1,51,2),
  (1,4,20,2,46,2),
  (1,4,20,3,52,2),
  (1,4,20,4,54,2),
  (1,4,20,5,53,2),
  (1,1,21,1,82,2),
  (1,1,21,2,83,2),
  (1,1,21,3,73,2),
  (1,1,21,4,80,2),
  (1,1,21,5,83,2),
  (1,2,21,1,80,2),
  (1,2,21,2,78,2),
  (1,2,21,3,81,2),
  (1,2,21,4,74,2),
  (1,2,21,5,85,2),
  (1,3,21,1,72,2),
  (1,3,21,2,72,2),
  (1,3,21,3,72,2),
  (1,3,21,4,72,2),
  (1,3,21,5,83,2),
  (1,4,21,1,78,2),
  (1,4,21,2,82,2),
  (1,4,21,3,75,2),
  (1,4,21,4,85,2),
  (1,4,21,5,76,2),
  (1,1,22,1,49,2),
  (1,1,22,2,51,2),
  (1,1,22,3,31,2),
  (1,1,22,4,57,2),
  (1,1,22,5,41,2),
  (1,2,22,1,27,2),
  (1,2,22,2,45,2),
  (1,2,22,3,41,2),
  (1,2,22,4,24,2),
  (1,2,22,5,56,2),
  (1,3,22,1,51,2),
  (1,3,22,2,57,2),
  (1,3,22,3,50,2),
  (1,3,22,4,57,2),
  (1,3,22,5,24,2),
  (1,4,22,1,49,2),
  (1,4,22,2,44,2),
  (1,4,22,3,30,2),
  (1,4,22,4,38,2),
  (1,4,22,5,47,2),
  (1,1,23,1,89,2),
  (1,1,23,2,86,2),
  (1,1,23,3,92,2),
  (1,1,23,4,88,2),
  (1,1,23,5,95,2),
  (1,2,23,1,89,2),
  (1,2,23,2,96,2),
  (1,2,23,3,96,2),
  (1,2,23,4,93,2),
  (1,2,23,5,85,2),
  (1,3,23,1,98,2),
  (1,3,23,2,84,2),
  (1,3,23,3,89,2),
  (1,3,23,4,86,2),
  (1,3,23,5,96,2),
  (1,4,23,1,93,2),
  (1,4,23,2,94,2),
  (1,4,23,3,94,2),
  (1,4,23,4,97,2),
  (1,4,23,5,95,2),
  (1,1,24,1,84,2),
  (1,1,24,2,83,2),
  (1,1,24,3,78,2),
  (1,1,24,4,76,2),
  (1,1,24,5,86,2),
  (1,2,24,1,73,2),
  (1,2,24,2,81,2),
  (1,2,24,3,83,2),
  (1,2,24,4,73,2),
  (1,2,24,5,79,2),
  (1,3,24,1,85,2),
  (1,3,24,2,86,2),
  (1,3,24,3,79,2),
  (1,3,24,4,71,2),
  (1,3,24,5,77,2),
  (1,4,24,1,86,2),
  (1,4,24,2,71,2),
  (1,4,24,3,78,2),
  (1,4,24,4,77,2),
  (1,4,24,5,80,2),
  (1,1,25,1,89,2),
  (1,1,25,2,85,2),
  (1,1,25,3,87,2),
  (1,1,25,4,91,2),
  (1,1,25,5,95,2),
  (1,2,25,1,90,2),
  (1,2,25,2,86,2),
  (1,2,25,3,89,2),
  (1,2,25,4,90,2),
  (1,2,25,5,92,2),
  (1,3,25,1,95,2),
  (1,3,25,2,87,2),
  (1,3,25,3,95,2),
  (1,3,25,4,92,2),
  (1,3,25,5,97,2),
  (1,4,25,1,96,2),
  (1,4,25,2,88,2),
  (1,4,25,3,100,2),
  (1,4,25,4,87,2),
  (1,4,25,5,87,2),
  (1,1,26,1,57,2),
  (1,1,26,2,65,2),
  (1,1,26,3,65,2),
  (1,1,26,4,67,2),
  (1,1,26,5,68,2),
  (1,2,26,1,64,2),
  (1,2,26,2,58,2),
  (1,2,26,3,64,2),
  (1,2,26,4,55,2),
  (1,2,26,5,65,2),
  (1,3,26,1,60,2),
  (1,3,26,2,69,2),
  (1,3,26,3,63,2),
  (1,3,26,4,57,2),
  (1,3,26,5,68,2),
  (1,4,26,1,59,2),
  (1,4,26,2,72,2),
  (1,4,26,3,68,2),
  (1,4,26,4,60,2),
  (1,4,26,5,69,2),
  (1,1,27,1,48,2),
  (1,1,27,2,30,2),
  (1,1,27,3,33,2),
  (1,1,27,4,44,2),
  (1,1,27,5,49,2),
  (1,2,27,1,58,2),
  (1,2,27,2,24,2),
  (1,2,27,3,22,2),
  (1,2,27,4,32,2),
  (1,2,27,5,58,2),
  (1,3,27,1,56,2),
  (1,3,27,2,52,2),
  (1,3,27,3,48,2),
  (1,3,27,4,57,2),
  (1,3,27,5,58,2),
  (1,4,27,1,52,2),
  (1,4,27,2,60,2),
  (1,4,27,3,48,2),
  (1,4,27,4,42,2),
  (1,4,27,5,39,2),
  (1,1,28,1,79,2),
  (1,1,28,2,72,2),
  (1,1,28,3,72,2),
  (1,1,28,4,86,2),
  (1,1,28,5,82,2),
  (1,2,28,1,84,2),
  (1,2,28,2,71,2),
  (1,2,28,3,84,2),
  (1,2,28,4,76,2),
  (1,2,28,5,80,2),
  (1,3,28,1,85,2),
  (1,3,28,2,86,2),
  (1,3,28,3,74,2),
  (1,3,28,4,71,2),
  (1,3,28,5,84,2),
  (1,4,28,1,75,2),
  (1,4,28,2,76,2),
  (1,4,28,3,75,2),
  (1,4,28,4,82,2),
  (1,4,28,5,87,2),
  (1,1,29,1,54,2),
  (1,1,29,2,43,2),
  (1,1,29,3,39,2),
  (1,1,29,4,48,2),
  (1,1,29,5,39,2),
  (1,2,29,1,58,2),
  (1,2,29,2,30,2),
  (1,2,29,3,42,2),
  (1,2,29,4,57,2),
  (1,2,29,5,30,2),
  (1,3,29,1,42,2),
  (1,3,29,2,47,2),
  (1,3,29,3,31,2),
  (1,3,29,4,40,2),
  (1,3,29,5,50,2),
  (1,4,29,1,49,2),
  (1,4,29,2,54,2),
  (1,4,29,3,47,2),
  (1,4,29,4,23,2),
  (1,4,29,5,22,2),
  (1,1,30,1,74,2),
  (1,1,30,2,72,2),
  (1,1,30,3,79,2),
  (1,1,30,4,73,2),
  (1,1,30,5,86,2),
  (1,2,30,1,86,2),
  (1,2,30,2,71,2),
  (1,2,30,3,80,2),
  (1,2,30,4,74,2),
  (1,2,30,5,82,2),
  (1,3,30,1,74,2),
  (1,3,30,2,75,2),
  (1,3,30,3,75,2),
  (1,3,30,4,75,2),
  (1,3,30,5,84,2),
  (1,4,30,1,74,2),
  (1,4,30,2,86,2),
  (1,4,30,3,80,2),
  (1,4,30,4,84,2),
  (1,4,30,5,85,2),
  (1,1,31,1,77,2),
  (1,1,31,2,79,2),
  (1,1,31,3,85,2),
  (1,1,31,4,76,2),
  (1,1,31,5,81,2),
  (1,2,31,1,84,2),
  (1,2,31,2,84,2),
  (1,2,31,3,79,2),
  (1,2,31,4,82,2),
  (1,2,31,5,86,2),
  (1,3,31,1,86,2),
  (1,3,31,2,83,2),
  (1,3,31,3,75,2),
  (1,3,31,4,76,2),
  (1,3,31,5,74,2),
  (1,4,31,1,78,2),
  (1,4,31,2,87,2),
  (1,4,31,3,78,2),
  (1,4,31,4,86,2),
  (1,4,31,5,79,2),
  (1,1,32,1,60,2),
  (1,1,32,2,63,2),
  (1,1,32,3,66,2),
  (1,1,32,4,71,2),
  (1,1,32,5,59,2),
  (1,2,32,1,68,2),
  (1,2,32,2,57,2),
  (1,2,32,3,59,2),
  (1,2,32,4,69,2),
  (1,2,32,5,66,2),
  (1,3,32,1,55,2),
  (1,3,32,2,68,2),
  (1,3,32,3,53,2),
  (1,3,32,4,67,2),
  (1,3,32,5,71,2),
  (1,4,32,1,67,2),
  (1,4,32,2,67,2),
  (1,4,32,3,64,2),
  (1,4,32,4,57,2),
  (1,4,32,5,63,2),
  (1,1,33,1,94,2),
  (1,1,33,2,89,2),
  (1,1,33,3,99,2),
  (1,1,33,4,86,2),
  (1,1,33,5,86,2),
  (1,2,33,1,84,2),
  (1,2,33,2,88,2),
  (1,2,33,3,100,2),
  (1,2,33,4,97,2),
  (1,2,33,5,91,2),
  (1,3,33,1,95,2),
  (1,3,33,2,97,2),
  (1,3,33,3,89,2),
  (1,3,33,4,96,2),
  (1,3,33,5,95,2),
  (1,4,33,1,94,2),
  (1,4,33,2,93,2),
  (1,4,33,3,100,2),
  (1,4,33,4,86,2),
  (1,4,33,5,88,2),
  (1,1,34,1,92,2),
  (1,1,34,2,95,2),
  (1,1,34,3,96,2),
  (1,1,34,4,92,2),
  (1,1,34,5,90,2),
  (1,2,34,1,85,2),
  (1,2,34,2,96,2),
  (1,2,34,3,91,2),
  (1,2,34,4,87,2),
  (1,2,34,5,88,2),
  (1,3,34,1,85,2),
  (1,3,34,2,84,2),
  (1,3,34,3,90,2),
  (1,3,34,4,90,2),
  (1,3,34,5,94,2),
  (1,4,34,1,100,2),
  (1,4,34,2,91,2),
  (1,4,34,3,91,2),
  (1,4,34,4,97,2),
  (1,4,34,5,89,2),
  (1,1,35,1,71,2),
  (1,1,35,2,62,2),
  (1,1,35,3,56,2),
  (1,1,35,4,64,2),
  (1,1,35,5,68,2),
  (1,2,35,1,55,2),
  (1,2,35,2,66,2),
  (1,2,35,3,59,2),
  (1,2,35,4,68,2),
  (1,2,35,5,60,2),
  (1,3,35,1,57,2),
  (1,3,35,2,71,2),
  (1,3,35,3,63,2),
  (1,3,35,4,57,2),
  (1,3,35,5,71,2),
  (1,4,35,1,76,2),
  (1,4,35,2,75,2),
  (1,4,35,3,55,2),
  (1,4,35,4,70,2),
  (1,4,35,5,69,2);

-- Fees: 8-A students 2-35 ------------------------------------------------
INSERT INTO fees (school_id,student_id,item,amount_due,amount_paid,due_date,receipt_no) VALUES
  (1,2,'Term 1 - Tuition',16000,16000,'2026-04-12','RC-00212'),
  (1,2,'Term 2 - Tuition',16000,16000,'2026-06-30','RC-00255'),
  (1,2,'Exam and Lab fee',4000,4000,'2026-06-30','RC-00218'),
  (1,3,'Term 1 - Tuition',16000,16000,'2026-04-12','RC-00394'),
  (1,3,'Term 2 - Tuition',16000,16000,'2026-06-30','RC-00390'),
  (1,3,'Exam and Lab fee',4000,4000,'2026-06-30','RC-00323'),
  (1,4,'Term 1 - Tuition',16000,12000,'2026-04-12',NULL),
  (1,4,'Term 2 - Tuition',16000,10000,'2026-06-30',NULL),
  (1,4,'Exam and Lab fee',4000,0,'2026-06-30',NULL),
  (1,5,'Term 1 - Tuition',16000,16000,'2026-04-12','RC-00555'),
  (1,5,'Term 2 - Tuition',16000,16000,'2026-06-30','RC-00579'),
  (1,5,'Exam and Lab fee',4000,4000,'2026-06-30','RC-00553'),
  (1,6,'Term 1 - Tuition',16000,0,'2026-04-12',NULL),
  (1,6,'Term 2 - Tuition',16000,0,'2026-06-30',NULL),
  (1,6,'Exam and Lab fee',4000,0,'2026-06-30',NULL),
  (1,7,'Term 1 - Tuition',16000,16000,'2026-04-12','RC-00797'),
  (1,7,'Term 2 - Tuition',16000,16000,'2026-06-30','RC-00769'),
  (1,7,'Exam and Lab fee',4000,4000,'2026-06-30','RC-00799'),
  (1,8,'Term 1 - Tuition',16000,16000,'2026-04-12','RC-00833'),
  (1,8,'Term 2 - Tuition',16000,16000,'2026-06-30','RC-00827'),
  (1,8,'Exam and Lab fee',4000,4000,'2026-06-30','RC-00818'),
  (1,9,'Term 1 - Tuition',16000,10000,'2026-04-12',NULL),
  (1,9,'Term 2 - Tuition',16000,8000,'2026-06-30',NULL),
  (1,9,'Exam and Lab fee',4000,0,'2026-06-30',NULL),
  (1,10,'Term 1 - Tuition',16000,16000,'2026-04-12','RC-01015'),
  (1,10,'Term 2 - Tuition',16000,16000,'2026-06-30','RC-01035'),
  (1,10,'Exam and Lab fee',4000,4000,'2026-06-30','RC-01015'),
  (1,11,'Term 1 - Tuition',16000,16000,'2026-04-12','RC-01149'),
  (1,11,'Term 2 - Tuition',16000,16000,'2026-06-30','RC-01175'),
  (1,11,'Exam and Lab fee',4000,4000,'2026-06-30','RC-01160'),
  (1,12,'Term 1 - Tuition',16000,0,'2026-04-12',NULL),
  (1,12,'Term 2 - Tuition',16000,0,'2026-06-30',NULL),
  (1,12,'Exam and Lab fee',4000,0,'2026-06-30',NULL),
  (1,13,'Term 1 - Tuition',16000,16000,'2026-04-12','RC-01342'),
  (1,13,'Term 2 - Tuition',16000,16000,'2026-06-30','RC-01314'),
  (1,13,'Exam and Lab fee',4000,4000,'2026-06-30','RC-01392'),
  (1,14,'Term 1 - Tuition',16000,16000,'2026-04-12','RC-01455'),
  (1,14,'Term 2 - Tuition',16000,16000,'2026-06-30','RC-01416'),
  (1,14,'Exam and Lab fee',4000,4000,'2026-06-30','RC-01493'),
  (1,15,'Term 1 - Tuition',16000,16000,'2026-04-12','RC-01525'),
  (1,15,'Term 2 - Tuition',16000,16000,'2026-06-30','RC-01557'),
  (1,15,'Exam and Lab fee',4000,4000,'2026-06-30','RC-01565'),
  (1,16,'Term 1 - Tuition',16000,0,'2026-04-12',NULL),
  (1,16,'Term 2 - Tuition',16000,0,'2026-06-30',NULL),
  (1,16,'Exam and Lab fee',4000,0,'2026-06-30',NULL),
  (1,17,'Term 1 - Tuition',16000,10000,'2026-04-12',NULL),
  (1,17,'Term 2 - Tuition',16000,10000,'2026-06-30',NULL),
  (1,17,'Exam and Lab fee',4000,0,'2026-06-30',NULL),
  (1,18,'Term 1 - Tuition',16000,0,'2026-04-12',NULL),
  (1,18,'Term 2 - Tuition',16000,0,'2026-06-30',NULL),
  (1,18,'Exam and Lab fee',4000,0,'2026-06-30',NULL),
  (1,19,'Term 1 - Tuition',16000,16000,'2026-04-12','RC-01973'),
  (1,19,'Term 2 - Tuition',16000,16000,'2026-06-30','RC-01957'),
  (1,19,'Exam and Lab fee',4000,4000,'2026-06-30','RC-01976'),
  (1,20,'Term 1 - Tuition',16000,16000,'2026-04-12','RC-02020'),
  (1,20,'Term 2 - Tuition',16000,16000,'2026-06-30','RC-02064'),
  (1,20,'Exam and Lab fee',4000,4000,'2026-06-30','RC-02020'),
  (1,21,'Term 1 - Tuition',16000,16000,'2026-04-12','RC-02133'),
  (1,21,'Term 2 - Tuition',16000,16000,'2026-06-30','RC-02179'),
  (1,21,'Exam and Lab fee',4000,4000,'2026-06-30','RC-02147'),
  (1,22,'Term 1 - Tuition',16000,16000,'2026-04-12','RC-02220'),
  (1,22,'Term 2 - Tuition',16000,16000,'2026-06-30','RC-02251'),
  (1,22,'Exam and Lab fee',4000,4000,'2026-06-30','RC-02294'),
  (1,23,'Term 1 - Tuition',16000,16000,'2026-04-12','RC-02367'),
  (1,23,'Term 2 - Tuition',16000,16000,'2026-06-30','RC-02387'),
  (1,23,'Exam and Lab fee',4000,4000,'2026-06-30','RC-02364'),
  (1,24,'Term 1 - Tuition',16000,16000,'2026-04-12','RC-02466'),
  (1,24,'Term 2 - Tuition',16000,16000,'2026-06-30','RC-02454'),
  (1,24,'Exam and Lab fee',4000,4000,'2026-06-30','RC-02467'),
  (1,25,'Term 1 - Tuition',16000,16000,'2026-04-12','RC-02555'),
  (1,25,'Term 2 - Tuition',16000,16000,'2026-06-30','RC-02588'),
  (1,25,'Exam and Lab fee',4000,4000,'2026-06-30','RC-02565'),
  (1,26,'Term 1 - Tuition',16000,16000,'2026-04-12','RC-02617'),
  (1,26,'Term 2 - Tuition',16000,16000,'2026-06-30','RC-02619'),
  (1,26,'Exam and Lab fee',4000,4000,'2026-06-30','RC-02695'),
  (1,27,'Term 1 - Tuition',16000,10000,'2026-04-12',NULL),
  (1,27,'Term 2 - Tuition',16000,12000,'2026-06-30',NULL),
  (1,27,'Exam and Lab fee',4000,0,'2026-06-30',NULL),
  (1,28,'Term 1 - Tuition',16000,0,'2026-04-12',NULL),
  (1,28,'Term 2 - Tuition',16000,0,'2026-06-30',NULL),
  (1,28,'Exam and Lab fee',4000,0,'2026-06-30',NULL),
  (1,29,'Term 1 - Tuition',16000,8000,'2026-04-12',NULL),
  (1,29,'Term 2 - Tuition',16000,8000,'2026-06-30',NULL),
  (1,29,'Exam and Lab fee',4000,0,'2026-06-30',NULL),
  (1,30,'Term 1 - Tuition',16000,0,'2026-04-12',NULL),
  (1,30,'Term 2 - Tuition',16000,0,'2026-06-30',NULL),
  (1,30,'Exam and Lab fee',4000,0,'2026-06-30',NULL),
  (1,31,'Term 1 - Tuition',16000,10000,'2026-04-12',NULL),
  (1,31,'Term 2 - Tuition',16000,8000,'2026-06-30',NULL),
  (1,31,'Exam and Lab fee',4000,0,'2026-06-30',NULL),
  (1,32,'Term 1 - Tuition',16000,16000,'2026-04-12','RC-03240'),
  (1,32,'Term 2 - Tuition',16000,16000,'2026-06-30','RC-03292'),
  (1,32,'Exam and Lab fee',4000,4000,'2026-06-30','RC-03256'),
  (1,33,'Term 1 - Tuition',16000,16000,'2026-04-12','RC-03382'),
  (1,33,'Term 2 - Tuition',16000,16000,'2026-06-30','RC-03314'),
  (1,33,'Exam and Lab fee',4000,4000,'2026-06-30','RC-03387'),
  (1,34,'Term 1 - Tuition',16000,16000,'2026-04-12','RC-03467'),
  (1,34,'Term 2 - Tuition',16000,16000,'2026-06-30','RC-03457'),
  (1,34,'Exam and Lab fee',4000,4000,'2026-06-30','RC-03457'),
  (1,35,'Term 1 - Tuition',16000,16000,'2026-04-12','RC-03519'),
  (1,35,'Term 2 - Tuition',16000,16000,'2026-06-30','RC-03583'),
  (1,35,'Exam and Lab fee',4000,4000,'2026-06-30','RC-03527');
